agg_level,entity_id,display_name,entity_type,latitude,longitude,peak_demand_gw_recent,peak_demand_gw_prior,peak_demand_growth_gw,peak_demand_growth_pct,total_load_twh_recent,total_load_twh_prior,total_load_growth_twh,total_load_growth_pct,avg_demand_2023Q2_gw,load_growth_2023Q2_vs_2022Q2_gw,load_growth_2023Q2_vs_2022Q2_pct,avg_demand_2023Q3_gw,load_growth_2023Q3_vs_2022Q3_gw,load_growth_2023Q3_vs_2022Q3_pct,avg_demand_2023Q4_gw,load_growth_2023Q4_vs_2022Q4_gw,load_growth_2023Q4_vs_2022Q4_pct,avg_demand_2024Q1_gw,load_growth_2024Q1_vs_2023Q1_gw,load_growth_2024Q1_vs_2023Q1_pct,avg_demand_2024Q2_gw,load_growth_2024Q2_vs_2022Q2_gw,load_growth_2024Q2_vs_2022Q2_pct,avg_demand_2024Q3_gw,load_growth_2024Q3_vs_2022Q3_gw,load_growth_2024Q3_vs_2022Q3_pct,avg_demand_2024Q4_gw,load_growth_2024Q4_vs_2022Q4_gw,load_growth_2024Q4_vs_2022Q4_pct,avg_demand_2025Q1_gw,load_growth_2025Q1_vs_2023Q1_gw,load_growth_2025Q1_vs_2023Q1_pct,avg_demand_2025Q2_gw,load_growth_2025Q2_vs_2022Q2_gw,load_growth_2025Q2_vs_2022Q2_pct,avg_demand_2025Q3_gw,load_growth_2025Q3_vs_2022Q3_gw,load_growth_2025Q3_vs_2022Q3_pct,avg_demand_2025Q4_gw,load_growth_2025Q4_vs_2022Q4_gw,load_growth_2025Q4_vs_2022Q4_pct,avg_demand_2026Q1_gw,load_growth_2026Q1_vs_2023Q1_gw,load_growth_2026Q1_vs_2023Q1_pct,avg_demand_2022Q2_gw,avg_demand_2022Q3_gw,avg_demand_2022Q4_gw,avg_demand_2023Q1_gw,ba_code
most_aggregated,cal,California,region,36.78,-119.42,54.516998291015625,58.867000579833984,-4.350002288818359,-7.38953971862793,276.37322998046875,273.3651428222656,3.008087158203125,1.1003831624984741,28.486623764038086,-1.8542003631591797,-6.111239433288574,34.08418273925781,-0.07254791259765625,-0.21239712834358215,29.69232940673828,-2.0814876556396484,-6.550952911376953,28.874834060668945,0.13445663452148438,0.4678318202495575,29.518943786621094,-0.8218803405761719,-2.708826780319214,34.22901153564453,0.0722808837890625,0.21161535382270813,31.008695602416992,-0.7651214599609375,-2.408025026321411,29.3760929107666,0.6357154846191406,2.2119245529174805,30.44319725036621,0.10237312316894531,0.33741047978401184,33.40473937988281,-0.7519912719726562,-2.2015902996063232,31.367033004760742,-0.4067840576171875,-1.2802492380142212,29.316478729248047,0.5761013031005859,2.0045015811920166,30.340824127197266,34.15673065185547,31.77381706237793,28.74037742614746,
most_aggregated,car,Carolinas,region,35.4,-80.0,47.22200012207031,47.130001068115234,0.09199905395507812,0.19520476460456848,230.70492553710938,229.38758850097656,1.3173370361328125,0.5742874145507812,23.89751625061035,-2.322072982788086,-8.856252670288086,27.93398094177246,0.4647789001464844,1.6920000314712524,23.046903610229492,0.27942657470703125,1.2273058891296387,25.900094985961914,1.1111488342285156,4.4824371337890625,26.332334518432617,0.11274528503417969,0.4300040304660797,27.510116577148438,0.04091453552246094,0.14894694089889526,23.02077865600586,0.25330162048339844,1.1125590801239014,27.60696792602539,2.818021774291992,11.368058204650879,26.566944122314453,0.3473548889160156,1.324791431427002,27.585060119628906,0.11585807800292969,0.4217744767665863,23.310096740722656,0.5426197052001953,2.3833107948303223,29.694087982177734,4.905141830444336,19.787616729736328,26.219589233398438,27.469202041625977,22.76747703552246,24.7889461517334,
most_aggregated,cent,Central,region,38.63,-90.2,54.448001861572266,54.27899932861328,0.16900253295898438,0.31135427951812744,299.34722900390625,295.15673828125,4.19049072265625,1.419752836227417,31.690603256225586,-0.8767833709716797,-2.6922128200531006,35.80901336669922,0.0485992431640625,0.13590234518051147,30.010028839111328,0.7625637054443359,2.60728120803833,32.49485397338867,1.7803401947021484,5.796413421630859,32.668025970458984,0.10063934326171875,0.3090187907218933,35.95469665527344,0.19428253173828125,0.5432894229888916,31.087778091430664,1.8403129577636719,6.292213439941406,33.912288665771484,3.197774887084961,10.411282539367676,34.044105529785156,1.4767189025878906,4.534348964691162,36.65748977661133,0.8970756530761719,2.5085716247558594,31.865028381347656,2.617563247680664,8.94970989227295,36.12645721435547,5.411943435668945,17.62015151977539,32.567386627197266,35.760414123535156,29.247465133666992,30.714513778686523,
most_aggregated,fla,Florida,region,28.06,-81.76,54.58700180053711,52.425994873046875,2.1610069274902344,4.122008323669434,269.2327575683594,269.10528564453125,0.127471923828125,0.04737476631999016,30.164440155029297,0.46799278259277344,1.575921893119812,34.034461975097656,1.7446708679199219,5.403165340423584,30.575651168823242,1.602590560913086,5.531312465667725,25.889686584472656,0.7554912567138672,3.0058302879333496,31.542301177978516,1.8458538055419922,6.215739727020264,33.30364990234375,1.0138587951660156,3.13987398147583,30.323762893676758,1.3507022857666016,4.661924839019775,26.2436466217041,1.1094512939453125,4.414111137390137,31.830745697021484,2.134298324584961,7.18704891204834,33.19061279296875,0.9008216857910156,2.7898035049438477,31.033527374267578,2.060466766357422,7.111664295196533,26.746355056762695,1.6121597290039062,6.41420841217041,29.696447372436523,32.289791107177734,28.973060607910156,25.13419532775879,
most_aggregated,mida,Mid-Atlantic,region,39.5,-75.5,160.55999755859375,153.12100219726562,7.438995361328125,4.858249664306641,851.8283081054688,828.8388061523438,22.989501953125,2.77370023727417,86.40154266357422,-5.6708221435546875,-6.159092426300049,98.43182373046875,-0.932220458984375,-0.9381868839263916,82.88031005859375,0.382110595703125,0.4631744623184204,94.69713592529297,4.323707580566406,4.784268379211426,93.40650939941406,1.3341445922851562,1.4490174055099487,99.51655578613281,0.1525115966796875,0.15348771214485168,83.37400817871094,0.8758087158203125,1.0616095066070557,101.65474700927734,11.281318664550781,12.483003616333008,95.67859649658203,3.606231689453125,3.916736364364624,101.51630401611328,2.1522598266601562,2.1660349369049072,85.92323303222656,3.4250335693359375,4.151646614074707,110.81098937988281,20.43756103515625,22.61456871032715,92.0723648071289,99.36404418945312,82.49819946289062,90.37342834472656,
most_aggregated,midw,Midwest,region,43.0,-89.0,129.843994140625,129.79800415039062,0.045989990234375,0.03543968126177788,726.076171875,714.6997680664062,11.37640380859375,1.591771125793457,79.99353790283203,-3.5377655029296875,-4.235257148742676,87.42528533935547,0.7908096313476562,0.9128116965293884,74.98413848876953,0.5361862182617188,0.7202162146568298,80.8242416381836,3.3554534912109375,4.331361770629883,80.07201385498047,-3.45928955078125,-4.1413092613220215,85.44734191894531,-1.1871337890625,-1.3702787160873413,74.99121856689453,0.5432662963867188,0.7297263145446777,83.58529663085938,6.116508483886719,7.895448684692383,82.5372085571289,-0.9940948486328125,-1.1900866031646729,87.9135971069336,1.2791213989257812,1.4764577150344849,76.76678466796875,2.3188323974609375,3.1147027015686035,89.43905639648438,11.970268249511719,15.451730728149414,83.53130340576172,86.63447570800781,74.44795227050781,77.46878814697266,
most_aggregated,ne,Northeast,region,42.36,-71.06,25.898000717163086,24.2549991607666,1.6430015563964844,6.773860931396484,116.68417358398438,115.42538452148438,1.2587890625,1.090567708015442,12.17345905303955,-0.6839065551757812,-5.319180965423584,14.002669334411621,-1.0083227157592773,-6.717228889465332,11.782959938049316,0.07785892486572266,0.6651709079742432,13.696555137634277,0.5605278015136719,4.2671027183532715,12.686461448669434,-0.17090415954589844,-1.3292315006256104,14.234128952026367,-0.7768630981445312,-5.175294876098633,11.454058647155762,-0.25104236602783203,-2.144726276397705,14.332776069641113,1.1967487335205078,9.110431671142578,12.893387794494629,0.036022186279296875,0.28016769886016846,13.902718544006348,-1.1082735061645508,-7.383080005645752,11.469273567199707,-0.23582744598388672,-2.0147407054901123,15.607464790344238,2.471437454223633,18.814191818237305,12.857365608215332,15.010992050170898,11.705101013183594,13.136027336120605,
most_aggregated,nw,Northwest,region,45.52,-122.68,64.10700225830078,64.85199737548828,-0.7449951171875,-1.148769497871399,369.71685791015625,373.3798828125,-3.66302490234375,-0.9810405969619751,39.852081298828125,0.21109390258789062,0.532514214515686,43.54810333251953,0.4687957763671875,1.088215708732605,37.91920852661133,0.3292121887207031,0.8757973313331604,43.84308624267578,1.2829246520996094,3.0143792629241943,41.39652633666992,1.7555389404296875,4.428595542907715,44.4990234375,1.4197158813476562,3.295586585998535,39.03870391845703,1.4487075805664062,3.853971242904663,43.899051666259766,1.3388900756835938,3.145876407623291,42.61626052856445,2.9752731323242188,7.505547046661377,44.41946792602539,1.3401603698730469,3.1109142303466797,39.42744445800781,1.8374481201171875,4.8881306648254395,45.84028625488281,3.2801246643066406,7.707030296325684,39.640987396240234,43.079307556152344,37.589996337890625,42.56016159057617,
most_aggregated,ny,New York,region,42.65,-73.75,31.85700035095215,28.989999771118164,2.8670005798339844,9.889616966247559,152.29962158203125,152.26316833496094,0.0364532470703125,0.02393750287592411,16.04145050048828,-0.8936500549316406,-5.276910305023193,18.636550903320312,-0.9988288879394531,-5.086883544921875,15.759031295776367,0.07111358642578125,0.4533016085624695,17.263687133789062,0.6128692626953125,3.680715799331665,17.065216064453125,0.13011550903320312,0.7683184742927551,18.911090850830078,-0.7242889404296875,-3.6886935234069824,15.453533172607422,-0.23438453674316406,-1.4940448999404907,17.972904205322266,1.3220863342285156,7.940068244934082,17.109830856323242,0.1747303009033203,1.0317641496658325,18.690658569335938,-0.9447212219238281,-4.811321258544922,15.396881103515625,-0.29103660583496094,-1.8551640510559082,19.320043563842773,2.6692256927490234,16.030597686767578,16.935100555419922,19.635379791259766,15.687917709350586,16.65081787109375,
most_aggregated,se,Southeast,region,33.75,-84.39,47.808998107910156,46.4900016784668,1.3189964294433594,2.8371694087982178,241.4847869873047,241.90707397460938,-0.4222869873046875,-0.17456620931625366,25.717992782592773,-3.795154571533203,-12.859199523925781,29.55593490600586,0.4101276397705078,1.4071582555770874,24.38557243347168,-0.08182334899902344,-0.3344178795814514,26.807035446166992,1.772104263305664,7.078526973724365,27.85750961303711,-1.6556377410888672,-5.6098313331604,29.346059799194336,0.20025253295898438,0.6870715022087097,24.974885940551758,0.5074901580810547,2.074148654937744,27.888046264648438,2.8531150817871094,11.396535873413086,27.437028884887695,-2.0761184692382812,-7.034554481506348,29.151914596557617,0.006107330322265625,0.020954404026269913,25.67585563659668,1.2084598541259766,4.939062118530273,29.31303596496582,4.278104782104492,17.088542938232422,29.513147354125977,29.14580726623535,24.467395782470703,25.034931182861328,
most_aggregated,sw,Southwest,region,33.45,-112.07,27.329999923706055,25.4689998626709,1.8610000610351562,7.306922435760498,123.79319763183594,120.48931121826172,3.3038864135742188,2.7420589923858643,12.494673728942871,-0.6887025833129883,-5.22402286529541,15.684946060180664,1.3814220428466797,9.657914161682129,12.732078552246094,0.4884195327758789,3.9891629219055176,11.183642387390137,0.2121124267578125,1.9332984685897827,13.59768009185791,0.4143037796020508,3.142622947692871,15.778420448303223,1.4748964309692383,10.311420440673828,13.411989212036133,1.168330192565918,9.542328834533691,11.987238883972168,1.0157089233398438,9.257678031921387,13.967011451721191,0.783635139465332,5.94411563873291,16.23008918762207,1.926565170288086,13.46916389465332,13.730345726013184,1.4866867065429688,12.14250373840332,12.290185928344727,1.3186559677124023,12.018888473510742,13.18337631225586,14.303524017333984,12.243659019470215,10.971529960632324,
most_aggregated,ten,Tennessee,region,36.17,-86.78,32.685001373291016,35.08599853515625,-2.4009971618652344,-6.8431854248046875,170.25465393066406,167.88778686523438,2.3668670654296875,1.4097893238067627,17.8411922454834,-1.7176761627197266,-8.782083511352539,19.716711044311523,-0.4728584289550781,-2.342092514038086,16.56212043762207,0.06463623046875,0.39179447293281555,19.34345817565918,1.4554328918457031,8.1363525390625,18.897647857666016,-0.6612205505371094,-3.380668878555298,19.99138641357422,-0.1981830596923828,-0.9816111326217651,17.019014358520508,0.5215301513671875,3.1612708568573,20.2806339263916,2.392608642578125,13.375475883483887,19.347768783569336,-0.21109962463378906,-1.0793038606643677,20.67471694946289,0.48514747619628906,2.402961015701294,17.61174201965332,1.1142578125,6.75410795211792,21.950166702270508,4.062141418457031,22.70871925354004,19.558868408203125,20.1895694732666,16.49748420715332,17.888025283813477,
most_aggregated,tex,Texas,region,31.5,-99.0,83.59700012207031,85.54399871826172,-1.9469985961914062,-2.276021718978882,490.5418701171875,474.8456726074219,15.696197509765625,3.305535316467285,51.440345764160156,-0.9414596557617188,-1.7973028421401978,58.268463134765625,4.682285308837891,8.737859725952148,50.283138275146484,4.217777252197266,9.156071662902832,48.437931060791016,4.486949920654297,10.208986282348633,53.46587371826172,1.0840682983398438,2.0695512294769287,56.81184005737305,3.2256622314453125,6.01957893371582,52.36172103881836,6.296360015869141,13.668317794799805,51.413543701171875,7.462562561035156,16.979286193847656,56.62413024902344,4.2423248291015625,8.098852157592773,59.13349914550781,5.547321319580078,10.352149963378906,55.66173553466797,9.59637451171875,20.83208465576172,53.3829345703125,9.431953430175781,21.46016502380371,52.381805419921875,53.586177825927734,46.06536102294922,43.95098114013672,
middle_aggregated,AECI,Associated Electric Cooperative Inc.,ba,37.5,-92.5,5.538000106811523,5.757999897003174,-0.2199997901916504,-3.8207709789276123,21.771570205688477,22.113231658935547,-0.3416614532470703,-1.5450568199157715,2.70267653465271,-0.18661737442016602,-6.458927154541016,2.9627015590667725,-0.06986379623413086,-2.3037853240966797,2.315446615219116,-0.08843111991882324,-3.6786861419677734,2.883928060531616,0.03682756423950195,1.2935112714767456,2.3958115577697754,-0.4934823513031006,-17.079687118530273,2.5612237453460693,-0.471341609954834,-15.542669296264648,2.0615971088409424,-0.34228062629699707,-14.238686561584473,2.883883237838745,0.03678274154663086,1.2919368743896484,2.5448520183563232,-0.34444189071655273,-11.921317100524902,2.6399641036987305,-0.39260125160217285,-12.946176528930664,2.1176295280456543,-0.28624820709228516,-11.907769203186035,3.3307178020477295,0.48361730575561523,16.986309051513672,2.889293909072876,3.0325653553009033,2.4038777351379395,2.8471004962921143,AECI
middle_aggregated,AVA,Avista Corporation,ba,47.65,-117.43,2.2950000762939453,2.5250000953674316,-0.23000001907348633,-9.10891056060791,12.831116676330566,12.943449020385742,-0.11233234405517578,-0.8678675889968872,1.4956873655319214,0.09980499744415283,7.149957656860352,1.5182524919509888,0.017906785011291504,1.1935105323791504,1.3293180465698242,0.0015079975128173828,0.11357027292251587,1.6421997547149658,0.016161203384399414,0.9939003586769104,1.4217880964279175,0.025905728340148926,1.8558675050735474,1.5023996829986572,0.002053976058959961,0.1369001865386963,1.3266721963882446,-0.001137852668762207,-0.08569393306970596,1.596231460571289,-0.029807090759277344,-1.8331108093261719,1.492944598197937,0.09706223011016846,6.95346736907959,1.4984166622161865,-0.0019290447235107422,-0.12857335805892944,1.3582563400268555,0.030446290969848633,2.2929704189300537,1.6737687587738037,0.047730207443237305,2.9353673458099365,1.3958823680877686,1.5003457069396973,1.3278100490570068,1.6260385513305664,AVA
middle_aggregated,AZPS,Arizona Public Service Company,ba,33.45,-112.07,8.49899959564209,8.206999778747559,0.29199981689453125,3.55793833732605,39.82903289794922,37.036529541015625,2.7925033569335938,7.539864540100098,3.5889275074005127,-0.14000368118286133,-3.754525661468506,4.774471282958984,0.5305299758911133,12.500879287719727,3.735964775085449,0.1262054443359375,3.4962289333343506,3.354233980178833,0.1438913345336914,4.482117652893066,4.016106128692627,0.28717494010925293,7.701266765594482,4.91342306137085,0.6694817543029785,15.775001525878906,4.078622817993164,0.46886348724365234,12.988774299621582,3.8873510360717773,0.6770083904266357,21.08835220336914,4.316784858703613,0.5878536701202393,15.764668464660645,5.172992706298828,0.929051399230957,21.8912410736084,4.335910797119141,0.7261514663696289,20.1163387298584,4.047840118408203,0.8374974727630615,26.087478637695312,3.728931188583374,4.243941307067871,3.6097593307495117,3.2103426456451416,AZPS
middle_aggregated,BANC,Balancing Authority of Northern California,ba,39.5,-121.5,4.238999843597412,4.716000080108643,-0.47700023651123047,-10.114503860473633,17.606985092163086,18.0228271484375,-0.41584205627441406,-2.307307243347168,1.8556759357452393,-0.09525513648986816,-4.882547855377197,2.2923057079315186,0.0708608627319336,3.189854621887207,1.824953317642212,-0.10480260848999023,-5.430873870849609,1.8553099632263184,0.05443370342254639,3.022623300552368,2.00181245803833,0.050881385803222656,2.6080565452575684,2.3252203464508057,0.1037755012512207,4.671531677246094,1.9642481803894043,0.03449225425720215,1.7873893976211548,1.9016231298446655,0.10074687004089355,5.594325065612793,1.9776668548583984,0.026735782623291016,1.3704115152359009,2.215731143951416,-0.005713701248168945,-0.257206529378891,1.9155079126358032,-0.014248013496398926,-0.7383323907852173,1.9397914409637451,0.13891518115997314,7.713755130767822,1.9509310722351074,2.221444845199585,1.9297559261322021,1.800876259803772,BANC
middle_aggregated,BHBA,Basin Electric Power Cooperative,ba,46.81,-100.78,0.9955796599388123,,,,0.5958075523376465,,,,,,,,,,,,,,,,,,,,,,,,,,,,,,,,,,,,,,,,,,,,BHBA
middle_aggregated,BPAT,Bonneville Power Administration,ba,45.52,-122.68,10.364999771118164,11.536999702453613,-1.1719999313354492,-10.15861988067627,61.76533889770508,59.75775146484375,2.007587432861328,3.359543800354004,6.532978534698486,0.0924081802368164,1.4347825050354004,6.619255065917969,0.03448963165283203,0.5237792134284973,6.013666152954102,0.07077217102050781,1.1908705234527588,7.476805686950684,0.3202662467956543,4.475154876708984,6.548602104187012,0.1080317497253418,1.6773631572723389,6.697323322296143,0.11255788803100586,1.7093682289123535,6.165264129638672,0.22237014770507812,3.7417821884155273,7.597650051116943,0.44111061096191406,6.163741588592529,6.977132797241211,0.536562442779541,8.330976486206055,6.904176712036133,0.3194112777709961,4.850761413574219,6.419106483459473,0.4762125015258789,8.013141632080078,8.258551597595215,1.1020121574401855,15.398674011230469,6.44057035446167,6.584765434265137,5.942893981933594,7.156539440155029,BPAT
middle_aggregated,CHPD,Chelan County Public Utility District,ba,47.83,-120.6,0.42399999499320984,0.5250003337860107,-0.1010003387928009,-19.238142013549805,1.935706377029419,1.9930914640426636,-0.05738508701324463,-2.879201889038086,0.21253497898578644,0.009317457675933838,4.584967613220215,0.2130742073059082,0.013203352689743042,6.6059417724609375,0.1862192451953888,0.010636895895004272,6.0580668449401855,0.3023476302623749,0.011394768953323364,3.916362762451172,0.20544615387916565,0.0022286325693130493,1.0966733694076538,0.20821283757686615,0.008341982960700989,4.173686504364014,0.18191099166870117,0.00632864236831665,3.604372501373291,0.2841052711009979,-0.006847590208053589,-2.3535051345825195,0.2258792519569397,0.022661730647087097,11.15146541595459,0.20919175446033478,0.009320899844169617,4.663461208343506,0.18598125874996185,0.010398909449577332,5.922525405883789,0.3133118152618408,0.022358953952789307,7.684734344482422,0.2032175213098526,0.19987085461616516,0.17558234930038452,0.2909528613090515,CHPD
middle_aggregated,CISO,California Independent System Operator,ba,37.0,-120.0,43.86000061035156,47.57099914550781,-3.71099853515625,-7.800971031188965,227.31057739257812,225.3353729248047,1.9752044677734375,0.8765600919723511,23.389495849609375,-1.2067279815673828,-4.906151294708252,27.883455276489258,0.0745391845703125,0.26804059743881226,24.472244262695312,-1.5308380126953125,-5.88714075088501,23.985570907592773,0.18918418884277344,0.7950122356414795,24.196537017822266,-0.3996868133544922,-1.6249927282333374,28.151580810546875,0.3426647186279297,1.232211709022522,25.595121383666992,-0.4079608917236328,-1.5688942670822144,24.257638931274414,0.46125221252441406,1.938328742980957,24.906681060791016,0.3104572296142578,1.2622150182724,27.257232666015625,-0.5516834259033203,-1.9838365316390991,25.84269142150879,-0.16039085388183594,-0.6168147325515747,24.447723388671875,0.651336669921875,2.73712420463562,24.596223831176758,27.808916091918945,26.003082275390625,23.79638671875,CISO
middle_aggregated,CPLE,Duke Energy Carolinas,ba,35.22,-80.84,14.329000473022461,14.208999633789062,0.12000083923339844,0.8445351123809814,63.359092712402344,62.85331726074219,0.5057754516601562,0.8046926259994507,6.390139102935791,-0.7735204696655273,-10.797839164733887,7.680819034576416,0.09517478942871094,1.2546699047088623,6.162158489227295,0.0522770881652832,0.8556154370307922,7.090770244598389,0.3253946304321289,4.8097052574157715,7.176313400268555,0.012653827667236328,0.1766391545534134,7.457585334777832,-0.12805891036987305,-1.6881744861602783,6.1993255615234375,0.08944416046142578,1.4639263153076172,7.7485480308532715,0.9831724166870117,14.532414436340332,7.338266372680664,0.1746068000793457,2.437396764755249,7.547399044036865,-0.038245201110839844,-0.5041787028312683,6.205873489379883,0.0959920883178711,1.5710957050323486,8.422375679016113,1.6570000648498535,24.492359161376953,7.163659572601318,7.585644245147705,6.109881401062012,6.76537561416626,CPLE
middle_aggregated,CPLW,Duke Energy Progress,ba,35.8,-78.65,1.2610000371932983,1.2840001583099365,-0.023000121116638184,-1.7912867069244385,4.792552947998047,4.751911163330078,0.04064178466796875,0.8552769422531128,0.518221378326416,-0.05770242214202881,-10.0191068649292,0.5651344060897827,-0.01958400011062622,-3.349304676055908,0.490646630525589,-0.026242762804031372,-5.077055931091309,0.6242722272872925,0.007007777690887451,1.1352958679199219,0.5384081602096558,-0.03751564025878906,-6.513993263244629,0.5546256899833679,-0.030092716217041016,-5.146531581878662,0.4320095181465149,-0.08487987518310547,-16.421283721923828,0.663009524345398,0.04574507474899292,7.410935878753662,0.531806468963623,-0.04411733150482178,-7.660272121429443,0.5428135991096497,-0.04190480709075928,-7.166664123535156,0.4690715968608856,-0.04781779646873474,-9.251069068908691,0.7119342088699341,0.09466975927352905,15.33698558807373,0.5759238004684448,0.5847184062004089,0.5168893933296204,0.617264449596405,CPLW
middle_aggregated,DOPD,DOE Power Marketing Administration,ba,46.6,-120.5,0.4320000112056732,0.5089998841285706,-0.07699987292289734,-15.127680778503418,2.422503709793091,2.409799098968506,0.012704610824584961,0.5272120237350464,0.2443004697561264,0.02329815924167633,10.542043685913086,0.2577410042285919,0.024524524807929993,10.515776634216309,0.22367613017559052,0.020095109939575195,9.870817184448242,0.31705352663993835,0.021094709634780884,7.127583026885986,0.2587352991104126,0.037732988595962524,17.073572158813477,0.27138134837150574,0.03816486895084381,16.36456871032715,0.23977230489253998,0.03619128465652466,17.7773380279541,0.3163437843322754,0.02038496732711792,6.887772083282471,0.27853548526763916,0.05753317475318909,26.032838821411133,0.2712138295173645,0.037997350096702576,16.29273796081543,0.24546125531196594,0.04188023507595062,20.57177734375,0.34293681383132935,0.046977996826171875,15.873153686523438,0.22100231051445007,0.23321647942066193,0.20358102023601532,0.29595881700515747,DOPD
middle_aggregated,DUK,Duke Energy,ba,35.22,-80.84,22.18600082397461,21.923999786376953,0.26200103759765625,1.1950373649597168,110.03474426269531,109.33617401123047,0.6985702514648438,0.6389175653457642,11.433616638183594,-1.0702686309814453,-8.559488296508789,13.269003868103027,0.15323543548583984,1.1683298349380493,11.056844711303711,0.17736530303955078,1.6302738189697266,12.47404670715332,0.5286903381347656,4.425906658172607,12.553357124328613,0.04947185516357422,0.39565184712409973,13.195219039916992,0.07945060729980469,0.6057640314102173,11.001545906066895,0.12206649780273438,1.1219884157180786,13.123726844787598,1.178370475769043,9.864673614501953,12.629791259765625,0.12590599060058594,1.0069350004196167,13.166922569274902,0.051154136657714844,0.39002013206481934,11.196296691894531,0.3168172836303711,2.912062883377075,14.130289077758789,2.1849327087402344,18.29106330871582,12.503885269165039,13.115768432617188,10.87947940826416,11.945356369018555,DUK
middle_aggregated,EPE,El Paso Electric Company,ba,31.76,-106.44,2.4089999198913574,2.313999891281128,0.09500002861022949,4.10544490814209,9.187321662902832,9.311440467834473,-0.12411880493164062,-1.3329623937606812,1.0494115352630615,-0.046109914779663086,-4.208946704864502,1.2620890140533447,0.10190391540527344,8.783418655395508,1.0112521648406982,0.05959373712539673,6.2620930671691895,0.852030336856842,0.0020189285278320312,0.2375178039073944,1.1157363653182983,0.02021491527557373,1.8452322483062744,1.2281547784805298,0.0679696798324585,5.8585205078125,1.017330527305603,0.06567209959030151,6.900805950164795,0.8690069317817688,0.01899552345275879,2.2347373962402344,1.079685091972351,-0.015836358070373535,-1.4455543756484985,1.2049193382263184,0.04473423957824707,3.8557846546173096,1.0281834602355957,0.07652503252029419,8.041229248046875,0.877785861492157,0.027774453163146973,3.2675390243530273,1.0955214500427246,1.1601850986480713,0.9516584277153015,0.85001140832901,EPE
middle_aggregated,ERCO,Electric Reliability Council of Texas,ba,31.5,-99.0,83.59700012207031,85.54399871826172,-1.9469985961914062,-2.276021718978882,490.5418701171875,474.8456726074219,15.696197509765625,3.305535316467285,51.440345764160156,-0.9414596557617188,-1.7973028421401978,58.268463134765625,4.682285308837891,8.737859725952148,50.283138275146484,4.217777252197266,9.156071662902832,48.437931060791016,4.486949920654297,10.208986282348633,53.46587371826172,1.0840682983398438,2.0695512294769287,56.81184005737305,3.2256622314453125,6.01957893371582,52.36172103881836,6.296360015869141,13.668317794799805,51.413543701171875,7.462562561035156,16.979286193847656,56.62413024902344,4.2423248291015625,8.098852157592773,59.13349914550781,5.547321319580078,10.352149963378906,55.66173553466797,9.59637451171875,20.83208465576172,53.3829345703125,9.431953430175781,21.46016502380371,52.381805419921875,53.586177825927734,46.06536102294922,43.95098114013672,ERCO
middle_aggregated,FMPP,Florida Municipal Power Pool,ba,28.54,-81.38,3.9779999256134033,3.765000104904175,0.21299982070922852,5.657370567321777,19.294963836669922,19.205293655395508,0.08967018127441406,0.466902494430542,2.1766269207000732,-0.04580950736999512,-2.0612292289733887,2.457705020904541,0.1149132251739502,4.904969215393066,2.2122952938079834,0.0998690128326416,4.727692127227783,1.8470107316970825,0.04025530815124512,2.228044271469116,2.251774787902832,0.029338359832763672,1.320098876953125,2.382171154022217,0.03937935829162598,1.680873155593872,2.172133684158325,0.0597074031829834,2.8264846801757812,1.8768601417541504,0.07010471820831299,3.8801443576812744,2.2872097492218018,0.0647733211517334,2.9145185947418213,2.380403518676758,0.03761172294616699,1.6054232120513916,2.222113847732544,0.10968756675720215,5.1924920082092285,1.9169209003448486,0.11016547679901123,6.097420692443848,2.2224364280700684,2.342791795730591,2.112426280975342,1.8067554235458374,FMPP
middle_aggregated,FPC,Florida Power Corporation,ba,27.95,-82.46,13.01200008392334,11.956000328063965,1.055999755859375,8.832385063171387,58.48270034790039,58.678306579589844,-0.19560623168945312,-0.3333565890789032,6.527750492095947,-0.25277233123779297,-3.7279181480407715,7.462183475494385,0.3610701560974121,5.084697723388672,6.532185077667236,0.27066612243652344,4.322691440582275,5.692568302154541,0.26569032669067383,4.895822525024414,6.9743523597717285,0.19382953643798828,2.8586223125457764,7.266297340393066,0.16518402099609375,2.3261706829071045,6.466519832611084,0.2050008773803711,3.273979902267456,5.756647109985352,0.3297691345214844,6.076590538024902,6.8962531089782715,0.11573028564453125,1.7068047523498535,7.241900444030762,0.14078712463378906,1.9826064109802246,6.652656078338623,0.39113712310791016,6.246681213378906,5.99078369140625,0.5639057159423828,10.39097785949707,6.78052282333374,7.101113319396973,6.261518955230713,5.426877975463867,FPC
middle_aggregated,FPL,Florida Power and Light Company,ba,26.89,-80.06,28.96299934387207,28.464000701904297,0.49899864196777344,1.75309157371521,147.3978729248047,146.9149932861328,0.482879638671875,0.3286798596382141,16.55593490600586,1.0067129135131836,6.474362373352051,18.531740188598633,1.0124950408935547,5.779330253601074,16.89807891845703,1.0247697830200195,6.455930233001709,13.959787368774414,0.2327747344970703,1.695742130279541,17.092267990112305,1.543045997619629,9.923622131347656,18.217670440673828,0.69842529296875,3.9866175651550293,16.832571029663086,0.9592618942260742,6.043238162994385,14.162635803222656,0.4356231689453125,3.173473834991455,17.456880569458008,1.907658576965332,12.268514633178711,18.143232345581055,0.6239871978759766,3.5617244243621826,17.17560386657715,1.3022947311401367,8.204305648803711,14.209378242492676,0.48236560821533203,3.5139880180358887,15.549221992492676,17.519245147705078,15.873309135437012,13.727012634277344,FPL
middle_aggregated,GCPD,Grant County Public Utility District,ba,47.0,-119.5,1.0530000925064087,1.058000087738037,-0.004999995231628418,-0.47258973121643066,6.72998046875,6.7263898849487305,0.0035905838012695312,0.053379300981760025,0.729620099067688,0.049578070640563965,7.29044246673584,0.7436947226524353,-0.0033875107765197754,-0.4534321427345276,0.6752702593803406,0.01015329360961914,1.5265425443649292,0.7447043061256409,0.037085771560668945,5.240927219390869,0.7590516209602356,0.07900959253311157,11.618339538574219,0.8133169412612915,0.06623470783233643,8.865785598754883,0.7261828184127808,0.061065852642059326,9.181220054626465,0.737625241279602,0.030006706714630127,4.240520477294922,0.8033940196037292,0.12335199117660522,18.138877868652344,0.8134576082229614,0.06637537479400635,8.884613990783691,0.7232125997543335,0.05809563398361206,8.734649658203125,0.759446382522583,0.051827847957611084,7.324263572692871,0.680042028427124,0.7470822334289551,0.6651169657707214,0.7076185345649719,GCPD
middle_aggregated,GVL,Gainesville Regional Utilities,ba,29.65,-82.32,0.49100005626678467,0.46100085973739624,0.029999196529388428,6.5074076652526855,2.167711019515991,2.1540324687957764,0.013678550720214844,0.6350182890892029,0.23118624091148376,-0.017215803265571594,-6.930621147155762,0.27140456438064575,0.015238642692565918,5.948739051818848,0.23703746497631073,0.011011496186256409,4.87178373336792,0.2108965963125229,0.01299770176410675,6.567850112915039,0.2574930191040039,0.009090974926948547,3.659782648086548,0.2662060260772705,0.010040104389190674,3.9193756580352783,0.23562580347061157,0.009599834680557251,4.247226715087891,0.21539512276649475,0.017496228218078613,8.84099292755127,0.25294849276542664,0.004546448588371277,1.8302783966064453,0.26863864064216614,0.012472718954086304,4.869000434875488,0.24488575756549835,0.01885978877544403,8.344079971313477,0.22572873532772064,0.027829840779304504,14.06265640258789,0.24840204417705536,0.25616592168807983,0.22602596879005432,0.19789889454841614,GVL
middle_aggregated,HST,City of Homestead Florida,ba,25.47,-80.48,0.1250002384185791,0.12599985301494598,-0.0009996145963668823,-0.7933368682861328,0.6427703499794006,0.6460356116294861,-0.0032652616500854492,-0.5054287910461426,0.07281769812107086,0.002033740282058716,2.8731656074523926,0.08015215396881104,0.000900663435459137,1.1364624500274658,0.07642631232738495,0.003072984516620636,4.189291000366211,0.0605023019015789,0.0008213743567466736,1.3762761354446411,0.07473878562450409,0.003954827785491943,5.587181091308594,0.08095643669366837,0.0017049461603164673,2.151311159133911,0.07630712538957596,0.0029537975788116455,4.02680778503418,0.05909181013703346,-0.0005891174077987671,-0.9871116876602173,0.0788559690117836,0.008072011172771454,11.403729438781738,0.07943261414766312,0.00018112361431121826,0.22854286432266235,0.0768047422170639,0.003451414406299591,4.705191612243652,0.05530077964067459,-0.0043801479041576385,-7.33927583694458,0.07078395783901215,0.0792514905333519,0.07335332781076431,0.05968092754483223,HST
middle_aggregated,IID,Imperial Irrigation District,ba,32.84,-115.57,1.1330000162124634,1.1769999265670776,-0.04399991035461426,-3.7383079528808594,3.8986504077911377,3.977128505706787,-0.07847809791564941,-1.973232626914978,0.40994715690612793,-0.049883365631103516,-10.848207473754883,0.5618681907653809,-0.01038140058517456,-1.8141385316848755,0.44020599126815796,-0.024647921323776245,-5.30229377746582,0.29458925127983093,-0.006706207990646362,-2.2257912158966064,0.4503432512283325,-0.009487271308898926,-2.0632104873657227,0.580050528049469,0.007800936698913574,1.3632053136825562,0.474803626537323,0.009949713945388794,2.1403958797454834,0.307797908782959,0.0065024495124816895,2.1581637859344482,0.4469277262687683,-0.012902796268463135,-2.8059895038604736,0.5419031977653503,-0.030346393585205078,-5.302999496459961,0.4371429979801178,-0.027710914611816406,-5.961209297180176,0.2915932834148407,-0.009702175855636597,-3.220153331756592,0.45983052253723145,0.5722495913505554,0.4648539125919342,0.3012954592704773,IID
middle_aggregated,IPCO,Idaho Power Company,ba,43.61,-116.21,3.931999921798706,4.111000061035156,-0.1790001392364502,-4.3541717529296875,18.80417251586914,18.988496780395508,-0.1843242645263672,-0.9707140922546387,2.0953128337860107,-0.00609588623046875,-0.29008570313453674,2.4661850929260254,-0.02165079116821289,-0.8702660799026489,1.7891172170639038,-0.09226095676422119,-4.903903007507324,2.044534683227539,0.053011178970336914,2.6618404388427734,2.1554040908813477,0.053995370864868164,2.5694844722747803,2.4720547199249268,-0.015781164169311523,-0.6343330144882202,1.8648169040679932,-0.016561269760131836,-0.8802733421325684,1.9929474592208862,0.001423954963684082,0.07150078564882278,2.3001646995544434,0.19875597953796387,9.458226203918457,2.4429867267608643,-0.04484915733337402,-1.802737832069397,1.9051607847213745,0.02378261089324951,1.2641057968139648,2.1620616912841797,0.17053818702697754,8.563202857971191,2.1014087200164795,2.4878358840942383,1.881378173828125,1.9915235042572021,IPCO
middle_aggregated,ISNE,ISO New England,ba,42.4,-71.1,25.898000717163086,24.2549991607666,1.6430015563964844,6.773860931396484,116.68417358398438,115.42538452148438,1.2587890625,1.090567708015442,12.17345905303955,-0.6839065551757812,-5.319180965423584,14.002669334411621,-1.0083227157592773,-6.717228889465332,11.782959938049316,0.07785892486572266,0.6651709079742432,13.696555137634277,0.5605278015136719,4.2671027183532715,12.686461448669434,-0.17090415954589844,-1.3292315006256104,14.234128952026367,-0.7768630981445312,-5.175294876098633,11.454058647155762,-0.25104236602783203,-2.144726276397705,14.332776069641113,1.1967487335205078,9.110431671142578,12.893387794494629,0.036022186279296875,0.28016769886016846,13.902718544006348,-1.1082735061645508,-7.383080005645752,11.469273567199707,-0.23582744598388672,-2.0147407054901123,15.607464790344238,2.471437454223633,18.814191818237305,12.857365608215332,15.010992050170898,11.705101013183594,13.136027336120605,ISNE
middle_aggregated,JEA,Jacksonville Electric Authority,ba,30.33,-81.66,3.0789999961853027,2.9679999351501465,0.11100006103515625,3.7398922443389893,13.789656639099121,13.905439376831055,-0.1157827377319336,-0.8326382637023926,1.483852505683899,-0.12512171268463135,-7.776489734649658,1.7144700288772583,0.07782435417175293,4.755113124847412,1.4655576944351196,0.03635990619659424,2.5440781116485596,1.4244561195373535,0.09341108798980713,7.017876148223877,1.62611985206604,0.017145633697509766,1.0656251907348633,1.6851634979248047,0.048517823219299316,2.9644672870635986,1.4899358749389648,0.06073808670043945,4.249802589416504,1.4737898111343384,0.142744779586792,10.724263191223145,1.6239012479782104,0.014927029609680176,0.9277357459068298,1.7009855508804321,0.06433987617492676,3.931203842163086,1.5110970735549927,0.08189928531646729,5.730437278747559,1.5289623737335205,0.19791734218597412,14.869319915771484,1.6089742183685303,1.6366456747055054,1.4291977882385254,1.3310450315475464,JEA
middle_aggregated,LDWP,Los Angeles Department of Water and Power,ba,34.05,-118.24,5.355999946594238,6.1579999923706055,-0.8020000457763672,-13.02370834350586,24.689237594604492,23.094406127929688,1.5948314666748047,6.905706882476807,2.521547794342041,-0.4743459224700928,-15.833202362060547,2.9681801795959473,-0.19930601119995117,-6.292245388031006,2.636646032333374,-0.4005722999572754,-13.188788414001465,2.45819354057312,-0.10145115852355957,-3.9634861946105957,2.5377838611602783,-0.45810985565185547,-15.291258811950684,2.7835752964019775,-0.3839108943939209,-12.120365142822266,2.636526584625244,-0.4006917476654053,-13.192720413208008,2.6203689575195312,0.06072425842285156,2.372370719909668,2.7858986854553223,-0.20999503135681152,-7.009428977966309,3.0264687538146973,-0.14101743698120117,-4.452030181884766,2.8497276306152344,-0.18749070167541504,-6.173105716705322,2.3474314212799072,-0.21221327781677246,-8.290731430053711,2.995893716812134,3.1674861907958984,3.0372183322906494,2.5596446990966797,LDWP
middle_aggregated,LGEE,LG&E and KU Energy LLC,ba,38.25,-85.76,7.341000080108643,7.857999801635742,-0.5169997215270996,-6.579282283782959,38.70146179199219,38.17078399658203,0.5306777954101562,1.3902674913406372,4.051698684692383,-0.31335020065307617,-7.17861795425415,4.503620624542236,-0.06666088104248047,-1.4585727453231812,3.793163776397705,-0.010912656784057617,-0.2868674397468567,4.406341075897217,0.27194976806640625,6.577746391296387,4.319815158843994,-0.045233726501464844,-1.0362708568572998,4.5396342277526855,-0.03064727783203125,-0.6705774664878845,3.8843274116516113,0.08025097846984863,2.109604597091675,4.642138957977295,0.5077476501464844,12.281073570251465,4.405144691467285,0.04009580612182617,0.9185648560523987,4.708849906921387,0.13856840133666992,3.031944513320923,3.9240188598632812,0.11994242668151855,3.1529974937438965,5.1363139152526855,1.001922607421875,24.23386001586914,4.365048885345459,4.570281505584717,3.8040764331817627,4.1343913078308105,LGEE
middle_aggregated,MISO,Midcontinent Independent System Operator,ba,38.63,-90.24,118.10600280761719,118.63500213623047,-0.5289993286132812,-0.44590550661087036,665.6031494140625,654.415771484375,11.1873779296875,1.7095235586166382,73.23916625976562,-3.0377960205078125,-3.98258638381958,79.95896911621094,0.9273452758789062,1.1733850240707397,68.87553405761719,0.6355361938476562,0.9313250780105591,73.53396606445312,3.0466690063476562,4.322295188903809,73.35638427734375,-2.9205780029296875,-3.8289122581481934,78.34648132324219,-0.6851425170898438,-0.8669220209121704,69.04529571533203,0.8052978515625,1.1800965070724487,76.05927276611328,5.5719757080078125,7.904935836791992,75.58721923828125,-0.6897430419921875,-0.9042613506317139,80.56478118896484,1.5331573486328125,1.9399288892745972,70.72513580322266,2.485137939453125,3.641761541366577,80.9720230102539,10.484725952148438,14.87463092803955,76.27696228027344,79.03162384033203,68.23999786376953,70.48729705810547,MISO
middle_aggregated,NEVP,Nevada Power Company,ba,36.17,-115.15,9.23900032043457,9.79699993133545,-0.5579996109008789,-5.695621013641357,41.06965255737305,41.17174530029297,-0.10209274291992188,-0.24796617031097412,4.284909248352051,-0.23684215545654297,-5.2378411293029785,5.268754959106445,0.0029296875,0.05563586577773094,4.144508361816406,-0.25222158432006836,-5.736572265625,3.901803970336914,0.027736902236938477,0.7159634232521057,4.759806156158447,0.23805475234985352,5.264657974243164,5.517953872680664,0.25212860107421875,4.7880167961120605,4.518118381500244,0.12138843536376953,2.7608799934387207,4.029994487762451,0.15592741966247559,4.02490234375,4.704203128814697,0.18245172500610352,4.034979343414307,5.365432262420654,0.09960699081420898,1.8915742635726929,4.3730926513671875,-0.02363729476928711,-0.5376107692718506,4.168624401092529,0.2945573329925537,7.6033101081848145,4.521751403808594,5.265825271606445,4.396729946136475,3.8740670680999756,NEVP
middle_aggregated,NWMT,NorthWestern Energy - Montana,ba,46.59,-112.04,1.9119999408721924,2.0160000324249268,-0.10400009155273438,-5.1587300300598145,11.450849533081055,11.92911434173584,-0.47826480865478516,-4.00921630859375,1.3228034973144531,0.007781267166137695,0.5917213559150696,1.4202306270599365,-0.012120246887207031,-0.8461786508560181,1.2663546800613403,0.029307961463928223,2.369188070297241,1.4701472520828247,0.028336167335510254,1.965317726135254,1.3490618467330933,0.03403961658477783,2.5885202884674072,1.401619791984558,-0.03073108196258545,-2.1454994678497314,1.2532620429992676,0.01621532440185547,1.3108093738555908,1.432194471359253,-0.009616613388061523,-0.6669815182685852,1.3484762907028198,0.033454060554504395,2.543992042541504,1.3638907670974731,-0.06846010684967041,-4.779562950134277,1.2354527711868286,-0.001593947410583496,-0.1288510262966156,1.3927907943725586,-0.04902029037475586,-3.3999106884002686,1.3150222301483154,1.4323508739471436,1.237046718597412,1.4418110847473145,NWMT
middle_aggregated,NYIS,New York Independent System Operator,ba,42.65,-73.75,31.85700035095215,28.989999771118164,2.8670005798339844,9.889616966247559,152.29962158203125,152.26316833496094,0.0364532470703125,0.02393750287592411,16.04145050048828,-0.8936500549316406,-5.276910305023193,18.636550903320312,-0.9988288879394531,-5.086883544921875,15.759031295776367,0.07111358642578125,0.4533016085624695,17.263687133789062,0.6128692626953125,3.680715799331665,17.065216064453125,0.13011550903320312,0.7683184742927551,18.911090850830078,-0.7242889404296875,-3.6886935234069824,15.453533172607422,-0.23438453674316406,-1.4940448999404907,17.972904205322266,1.3220863342285156,7.940068244934082,17.109830856323242,0.1747303009033203,1.0317641496658325,18.690658569335938,-0.9447212219238281,-4.811321258544922,15.396881103515625,-0.29103660583496094,-1.8551640510559082,19.320043563842773,2.6692256927490234,16.030597686767578,16.935100555419922,19.635379791259766,15.687917709350586,16.65081787109375,NYIS
middle_aggregated,PACE,PacifiCorp East,ba,40.76,-111.89,9.717000007629395,9.562000274658203,0.1549997329711914,1.6209996938705444,53.33307647705078,53.01218795776367,0.3208885192871094,0.6053098440170288,5.644282817840576,0.03825521469116211,0.6823943257331848,6.350554943084717,0.0419764518737793,0.6653868556022644,5.383868217468262,0.0163421630859375,0.30446359515190125,6.003405570983887,0.22722578048706055,3.9338417053222656,6.002957820892334,0.3969302177429199,7.080418586730957,6.444052696228027,0.13547420501708984,2.1474602222442627,5.5675249099731445,0.1999988555908203,3.7260901927948,6.026371479034424,0.25019168853759766,4.3314385414123535,6.2145514488220215,0.6085238456726074,10.854813575744629,6.564664840698242,0.2560863494873047,4.059335231781006,5.665266036987305,0.29773998260498047,5.547061443328857,6.2882184982299805,0.5120387077331543,8.864660263061523,5.606027603149414,6.3085784912109375,5.367526054382324,5.776179790496826,PACE
middle_aggregated,PACW,PacifiCorp West,ba,45.52,-122.68,3.552000045776367,4.195000171661377,-0.6430001258850098,-15.327771186828613,19.945924758911133,21.419401168823242,-1.4734764099121094,-6.879173755645752,2.3139443397521973,-0.01593947410583496,-0.6841317415237427,2.513850450515747,-0.014379739761352539,-0.5687670111656189,2.1565778255462646,-0.04385519027709961,-1.9930254220962524,2.6695826053619385,0.09131264686584473,3.5416250228881836,2.3048226833343506,-0.02506113052368164,-1.0756386518478394,2.502819061279297,-0.025411128997802734,-1.0050954818725586,2.207202911376953,0.006769895553588867,0.3076619803905487,2.6035616397857666,0.02529168128967285,0.9809555411338806,2.2413530349731445,-0.0885307788848877,-3.7997939586639404,2.1633083820343018,-0.36492180824279785,-14.433882713317871,2.236237049102783,0.035804033279418945,1.6271358728408813,2.775608777999878,0.19733881950378418,7.653923988342285,2.3298838138580322,2.5282301902770996,2.2004330158233643,2.5782699584960938,PACW
middle_aggregated,PGE,Portland General Electric,ba,45.52,-122.68,4.4629998207092285,4.375,0.08799982070922852,2.0114285945892334,23.513673782348633,22.998706817626953,0.5149669647216797,2.23911714553833,2.4964067935943604,0.09606552124023438,4.002161026000977,2.6801347732543945,0.07028007507324219,2.692873001098633,2.405773401260376,0.016566991806030273,0.69340980052948,2.83095121383667,0.1480863094329834,5.519707679748535,2.433298110961914,0.032956838607788086,1.3730063438415527,2.645303249359131,0.035448551177978516,1.3582576513290405,2.420680522918701,0.03147411346435547,1.3173458576202393,2.8285439014434814,0.14567899703979492,5.429978847503662,2.5949766635894775,0.19463539123535156,8.108654975891113,2.77593731880188,0.16608262062072754,6.363672733306885,2.524773359298706,0.13556694984436035,5.6741414070129395,2.9726948738098145,0.28982996940612793,10.803003311157227,2.400341272354126,2.6098546981811523,2.3892064094543457,2.6828649044036865,PGE
middle_aggregated,PJM,PJM Interconnection,ba,40.05,-75.54,160.55999755859375,153.12100219726562,7.438995361328125,4.858249664306641,851.8283081054688,828.8388061523438,22.989501953125,2.77370023727417,86.40154266357422,-5.6708221435546875,-6.159092426300049,98.43182373046875,-0.932220458984375,-0.9381868839263916,82.88031005859375,0.382110595703125,0.4631744623184204,94.69713592529297,4.323707580566406,4.784268379211426,93.40650939941406,1.3341445922851562,1.4490174055099487,99.51655578613281,0.1525115966796875,0.15348771214485168,83.37400817871094,0.8758087158203125,1.0616095066070557,101.65474700927734,11.281318664550781,12.483003616333008,95.67859649658203,3.606231689453125,3.916736364364624,101.51630401611328,2.1522598266601562,2.1660349369049072,85.92323303222656,3.4250335693359375,4.151646614074707,110.81098937988281,20.43756103515625,22.61456871032715,92.0723648071289,99.36404418945312,82.49819946289062,90.37342834472656,PJM
middle_aggregated,PNM,Public Service Company of New Mexico,ba,35.08,-106.65,2.7360000610351562,2.753999948501587,-0.017999887466430664,-0.6535947918891907,14.475844383239746,14.745392799377441,-0.2695484161376953,-1.828021764755249,1.6183459758758545,-0.03357720375061035,-2.0326128005981445,1.85699462890625,0.10379970073699951,5.920602321624756,1.5307047367095947,-0.00061798095703125,-0.040356025099754333,1.687894582748413,0.026153087615966797,1.573836088180542,1.6591116189956665,0.00718843936920166,0.4351557791233063,1.7687427997589111,0.015547871589660645,0.8868308067321777,1.56240713596344,0.031084418296813965,2.0299065113067627,1.6718288660049438,0.010087370872497559,0.6070361137390137,1.6438076496124268,-0.008115530014038086,-0.49127769470214844,1.8037476539611816,0.05055272579193115,2.883462905883789,1.5521724224090576,0.02084970474243164,1.361548662185669,1.7294732332229614,0.06773173809051514,4.075949192047119,1.6519231796264648,1.7531949281692505,1.531322717666626,1.6617414951324463,PNM
middle_aggregated,PSCO,Public Service Company of Colorado,ba,39.74,-104.99,9.079000473022461,9.28499984741211,-0.20599937438964844,-2.218632221221924,45.23090744018555,45.59549331665039,-0.36458587646484375,-0.7996053695678711,4.541049480438232,-0.9533371925354004,-17.351112365722656,5.0803704261779785,-0.6740174293518066,-11.713104248046875,4.668924331665039,0.03430318832397461,0.7401508688926697,5.249082565307617,0.13624286651611328,2.664720058441162,5.099331378936768,-0.39505529403686523,-7.19016170501709,5.544011116027832,-0.21037673950195312,-3.6559362411499023,4.804969787597656,0.1703486442565918,3.675567626953125,5.320268154144287,0.2074284553527832,4.057010650634766,5.106747150421143,-0.38763952255249023,-7.055191516876221,5.52158784866333,-0.23280000686645508,-4.0456085205078125,4.73797082901001,0.10334968566894531,2.2299489974975586,5.507297992706299,0.3944582939147949,7.715053081512451,5.494386672973633,5.754387855529785,4.6346211433410645,5.112839698791504,PSCO
middle_aggregated,PSEI,Puget Sound Energy,ba,47.61,-122.33,4.434999942779541,4.934999942779541,-0.5,-10.131711959838867,24.633825302124023,24.96375274658203,-0.3299274444580078,-1.321620225906372,2.729825496673584,-0.009701013565063477,-0.35411277413368225,2.7851438522338867,0.027523040771484375,0.9980719685554504,2.622258186340332,0.032941341400146484,1.2722020149230957,3.2844672203063965,0.05697131156921387,1.7651861906051636,2.7015435695648193,-0.037982940673828125,-1.386478304862976,2.7484099864959717,-0.009210824966430664,-0.3340134620666504,2.5922038555145264,0.0028870105743408203,0.11149699240922928,3.2475733757019043,0.02007746696472168,0.6220756769180298,2.7746713161468506,0.035144805908203125,1.2828788757324219,2.748889446258545,-0.008731365203857422,-0.31662672758102417,2.5776689052581787,-0.011647939682006836,-0.4498460292816162,3.387704372406006,0.16020846366882324,4.963862419128418,2.7395265102386475,2.7576208114624023,2.5893168449401855,3.2274959087371826,PSEI
middle_aggregated,SC,South Carolina Public Service Authority,ba,33.0,-79.95,5.578000068664551,5.303999900817871,0.2740001678466797,5.165912628173828,27.65755271911621,27.40108871459961,0.25646400451660156,0.9359627962112427,2.9122393131256104,-0.12029480934143066,-3.9668078422546387,3.311734437942505,0.16820979118347168,5.3509931564331055,2.7717244625091553,0.07197928428649902,2.6661510467529297,3.0293333530426025,0.12033843994140625,4.136770248413086,3.1578190326690674,0.12528491020202637,4.1313605308532715,3.237520933151245,0.09399628639221191,2.9901559352874756,2.7959723472595215,0.09622716903686523,3.564305543899536,3.26518177986145,0.3561868667602539,12.244327545166016,3.1689555644989014,0.13642144203186035,4.498595237731934,3.2941815853118896,0.15065693855285645,4.792612075805664,2.855026960372925,0.15528178215026855,5.751719951629639,3.4526448249816895,0.5436499118804932,18.688581466674805,3.032534122467041,3.143524646759033,2.6997451782226562,2.9089949131011963,SC
middle_aggregated,SCEG,South Carolina Electric and Gas,ba,34.0,-81.03,5.025000095367432,4.783999919891357,0.24100017547607422,5.037625312805176,24.860990524291992,25.04509735107422,-0.18410682678222656,-0.7351059317588806,2.643299102783203,-0.30028724670410156,-10.201408386230469,3.1072890758514404,0.06774425506591797,2.2287631034851074,2.5655298233032227,0.004050016403198242,0.15811236202716827,2.681674003601074,0.12971901893615723,5.083123207092285,2.9064345359802246,-0.03715181350708008,-1.2621275186538696,3.0651659965515137,0.02562117576599121,0.8429280519485474,2.591925859451294,0.03044605255126953,1.1886118650436401,2.806501865386963,0.2545468807220459,9.974583625793457,2.8981235027313232,-0.045462846755981445,-1.544471263885498,3.033745050430298,-0.005799770355224609,-0.19081048667430878,2.583829164505005,0.02234935760498047,0.8725173473358154,2.9768447875976562,0.42488980293273926,16.649580001831055,2.9435863494873047,3.0395448207855225,2.5614798069000244,2.551954984664917,SCEG
middle_aggregated,SCL,Seattle City Light,ba,47.61,-122.33,1.7029999494552612,1.815999984741211,-0.11300003528594971,-6.222466945648193,9.395676612854004,9.449475288391113,-0.053798675537109375,-0.5693225860595703,1.0615781545639038,-0.002087116241455078,-0.1962192803621292,1.059854507446289,0.00813305377960205,0.7733086943626404,1.0152828693389893,0.0035763978958129883,0.3535015285015106,1.2315716743469238,0.018416881561279297,1.51809823513031,1.0282875299453735,-0.03537774085998535,-3.326021909713745,1.0424928665161133,-0.00922858715057373,-0.8774744272232056,0.9939286112785339,-0.017777860164642334,-1.757215142250061,1.2188935279846191,0.005738735198974609,0.4730423092842102,1.063270926475525,-0.0003943443298339844,-0.037074100226163864,1.0492743253707886,-0.0024471282958984375,-0.2326783686876297,0.9939509630203247,-0.017755508422851562,-1.7550058364868164,1.2601182460784912,0.04696345329284668,3.8711838722229004,1.0636652708053589,1.051721453666687,1.0117064714431763,1.2131547927856445,SCL
middle_aggregated,SEC,Seminole Electric Cooperative,ba,28.08,-82.42,0.6069999933242798,0.7269983291625977,-0.11999833583831787,-16.506000518798828,2.1467156410217285,2.0802674293518066,0.06644821166992188,3.194216728210449,0.22388488054275513,-0.009723469614982605,-4.162295341491699,0.26343733072280884,0.026963993906974792,11.40255069732666,0.22594290971755981,0.014796420931816101,7.007657051086426,0.2061447948217392,0.011740177869796753,6.039042949676514,0.252021849155426,0.018413498997688293,7.882209300994873,0.26118066906929016,0.024707332253456116,10.448253631591797,0.22240453958511353,0.011258050799369812,5.331867694854736,0.23040057718753815,0.0359959602355957,18.516000747680664,0.2396959513425827,0.006087601184844971,2.605900526046753,0.24978883564472198,0.01331549882888794,5.630867004394531,0.20451661944389343,-0.006629869341850281,-3.1399383544921875,0.2748337984085083,0.08042918145656586,41.37205123901367,0.23360835015773773,0.23647333681583405,0.2111464887857437,0.19440461695194244,SEC
middle_aggregated,SOCO,Southern Company,ba,33.75,-84.39,47.808998107910156,46.4900016784668,1.3189964294433594,2.8371694087982178,241.4847869873047,241.90707397460938,-0.4222869873046875,-0.17456620931625366,25.717992782592773,-3.795154571533203,-12.859199523925781,29.55593490600586,0.4101276397705078,1.4071582555770874,24.38557243347168,-0.08182334899902344,-0.3344178795814514,26.807035446166992,1.772104263305664,7.078526973724365,27.85750961303711,-1.6556377410888672,-5.6098313331604,29.346059799194336,0.20025253295898438,0.6870715022087097,24.974885940551758,0.5074901580810547,2.074148654937744,27.888046264648438,2.8531150817871094,11.396535873413086,27.437028884887695,-2.0761184692382812,-7.034554481506348,29.151914596557617,0.006107330322265625,0.020954404026269913,25.67585563659668,1.2084598541259766,4.939062118530273,29.31303596496582,4.278104782104492,17.088542938232422,29.513147354125977,29.14580726623535,24.467395782470703,25.034931182861328,SOCO
middle_aggregated,SPA,Southwestern Power Administration,ba,36.15,-95.99,0.05400000140070915,0.04700011387467384,0.006999887526035309,14.893336296081543,0.20101909339427948,0.1855914145708084,0.01542767882347107,8.31270694732666,0.06426099687814713,-0.005051456391811371,-7.287949562072754,0.05444062873721123,-0.014640245586633682,-21.192907333374023,0.03334249183535576,-0.022605132311582565,-40.40409469604492,0.022624177858233452,-0.012816613540053368,-36.1634521484375,0.024737276136875153,-0.044575177133083344,-64.31049346923828,0.022712543606758118,-0.04636833071708679,-67.1218032836914,0.019552908837795258,-0.036394715309143066,-65.05140686035156,0.020602211356163025,-0.014838580042123795,-41.868648529052734,0.022269245237112045,-0.04704320803284645,-67.8712158203125,0.02411259151995182,-0.04496828466653824,-65.09512329101562,0.01847287453711033,-0.037474751472473145,-66.98184967041016,0.02572116255760193,-0.00971962884068489,-27.424976348876953,0.0693124532699585,0.06908087432384491,0.055947624146938324,0.03544079139828682,SPA
middle_aggregated,SRP,Salt River Project,ba,33.45,-111.98,8.784000396728516,8.355999946594238,0.42800045013427734,5.122067928314209,36.87409591674805,36.114959716796875,0.7591361999511719,2.101998805999756,3.733412981033325,-0.13011503219604492,-3.3677775859832764,4.808074474334717,0.5174832344055176,12.060884475708008,3.8060388565063477,0.1719982624053955,4.732975959777832,3.175872325897217,0.07606840133666992,2.453974723815918,4.0983076095581055,0.23477959632873535,6.076818466186523,4.874812126159668,0.5842208862304688,13.616326332092285,4.097377777099609,0.4633371829986572,12.749917984008789,3.3893282413482666,0.2895243167877197,9.34008502960205,4.156083106994629,0.2925550937652588,7.572226047515869,4.952619552612305,0.6620283126831055,15.429769515991211,4.1238484382629395,0.4898078441619873,13.478326797485352,3.3779945373535156,0.27819061279296875,8.974458694458008,3.86352801322937,4.290591239929199,3.634040594100952,3.099803924560547,SRP
middle_aggregated,SWPP,Southwest Power Pool,ba,38.0,-97.5,54.4109992980957,54.24700164794922,0.16399765014648438,0.3023208677768707,299.1462097167969,294.97113037109375,4.175079345703125,1.415417194366455,31.626344680786133,-0.8717288970947266,-2.6824018955230713,35.75457000732422,0.06323623657226562,0.17717532813549042,29.976688385009766,0.7851734161376953,2.6897315979003906,32.472232818603516,1.7931575775146484,5.844888210296631,32.643287658691406,0.14521408081054688,0.44683903455734253,35.931983947753906,0.24065017700195312,0.6742538213729858,31.068222045898438,1.8767070770263672,6.428947448730469,33.89168930053711,3.212614059448242,10.471678733825684,34.02183532714844,1.5237617492675781,4.688775539398193,36.63336944580078,0.9420356750488281,2.6393961906433105,31.846555709838867,2.655040740966797,9.095248222351074,36.10073471069336,5.421659469604492,17.67217445373535,32.49807357788086,35.69133377075195,29.19151496887207,30.679075241088867,SWPP
middle_aggregated,TAL,Tallahassee Electric,ba,30.44,-84.28,0.6200000047683716,0.6229999661445618,-0.0029999613761901855,-0.48153117299079895,2.8879246711730957,2.8969056606292725,-0.008980989456176758,-0.31002044677734375,0.31336408853530884,-0.023617058992385864,-7.008421421051025,0.3630026876926422,0.027951031923294067,8.342305183410645,0.3068649172782898,0.0015611052513122559,0.5113284587860107,0.30019432306289673,0.022212207317352295,7.990516662597656,0.33325254917144775,-0.0037285983562469482,-1.1064709424972534,0.3529256284236908,0.01787397265434265,5.334691524505615,0.31443631649017334,0.0091325044631958,2.991284132003784,0.30850958824157715,0.030527472496032715,10.9818115234375,0.3315787613391876,-0.00540238618850708,-1.6031715869903564,0.35384222865104675,0.01879057288169861,5.608261585235596,0.32455122470855713,0.01924741268157959,6.304347515106201,0.3234492242336273,0.045467108488082886,16.35612678527832,0.3369811475276947,0.33505165576934814,0.30530381202697754,0.27798211574554443,TAL
middle_aggregated,TEC,Tampa Electric Company,ba,27.95,-82.46,4.559999942779541,4.382999897003174,0.1770000457763672,4.038329601287842,22.42244529724121,22.6240177154541,-0.20157241821289062,-0.8909646272659302,2.5790200233459473,-0.0664973258972168,-2.513584852218628,2.8903651237487793,0.10731005668640137,3.855836868286133,2.621260404586792,0.14048290252685547,5.662857532501221,2.188126802444458,0.07558941841125488,3.5781338214874268,2.6802799701690674,0.03476262092590332,1.314019799232483,2.7910773754119873,0.008022308349609375,0.2882554531097412,2.51383113861084,0.03305363655090332,1.3323901891708374,2.1603164672851562,0.047779083251953125,2.2616918087005615,2.663424015045166,0.017906665802001953,0.676868200302124,2.7723867893218994,-0.010668277740478516,-0.38332974910736084,2.62129545211792,0.1405179500579834,5.664270877838135,2.220998525619507,0.10846114158630371,5.134164333343506,2.645517349243164,2.783055067062378,2.4807775020599365,2.112537384033203,TEC
middle_aggregated,TEPC,Tucson Electric Power Company,ba,32.22,-110.97,3.447999954223633,3.319000005722046,0.12899994850158691,3.8867127895355225,14.684038162231445,14.412981986999512,0.2710561752319336,1.8806378841400146,1.4739691019058228,-0.16011250019073486,-9.798316955566406,1.8981080055236816,0.22216403484344482,13.256053924560547,1.658907413482666,0.19017231464385986,12.948033332824707,1.4289050102233887,-0.004637241363525391,-0.32348132133483887,1.658986210823059,0.024904608726501465,1.5240737199783325,1.878731369972229,0.2027873992919922,12.09989070892334,1.6317994594573975,0.1630643606185913,11.102367401123047,1.453678011894226,0.02013576030731201,1.4046157598495483,1.6365829706192017,0.002501368522644043,0.15307487547397614,1.908288598060608,0.2323446273803711,13.863508224487305,1.6077312231063843,0.13899612426757812,9.463662147521973,1.4651570320129395,0.03161478042602539,2.2053608894348145,1.6340816020965576,1.6759439706802368,1.4687350988388062,1.433542251586914,TEPC
middle_aggregated,TIDC,Turlock Irrigation District,ba,37.5,-120.85,0.6540004014968872,0.7139992117881775,-0.05999881029129028,-8.403200149536133,2.8677597045898438,2.9354026317596436,-0.0676429271697998,-2.3043856620788574,0.3099566698074341,-0.027987033128738403,-8.281566619873047,0.3783723711967468,-0.008263170719146729,-2.1371989250183105,0.31828010082244873,-0.020624220371246338,-6.0855584144592285,0.2811698317527771,-0.0010027289390563965,-0.3553601801395416,0.3324664533138275,-0.005477249622344971,-1.6207579374313354,0.3885858356952667,0.001950293779373169,0.5044269561767578,0.3379974365234375,-0.0009068846702575684,-0.267593115568161,0.28866419196128845,0.006491631269454956,2.300589084625244,0.3260210156440735,-0.011922687292098999,-3.5280096530914307,0.363401859998703,-0.023233681917190552,-6.009194850921631,0.32196301221847534,-0.016941308975219727,-4.998847007751465,0.2899397611618042,0.007767200469970703,2.7526419162750244,0.3379437029361725,0.38663554191589355,0.33890432119369507,0.2821725606918335,TIDC
middle_aggregated,TPWR,Transource Power LLC,ba,40.05,-75.54,0.8429999947547913,0.9360000491142273,-0.09300005435943604,-9.935903549194336,4.478694915771484,4.5763726234436035,-0.09767770767211914,-2.1343870162963867,0.5343806743621826,-0.009981095790863037,-1.833540916442871,0.5396473407745361,0.004657149314880371,0.8705111145973206,0.5002133846282959,-0.010389089584350586,-2.034672737121582,0.6120602488517761,-0.003012716770172119,-0.48981451988220215,0.4937659502029419,-0.05059581995010376,-9.29452133178711,0.4967123866081238,-0.03827780485153198,-7.154860973358154,0.47176629304885864,-0.03883618116378784,-7.605952739715576,0.6021347045898438,-0.012938261032104492,-2.103532552719116,0.506230354309082,-0.03813141584396362,-7.004793167114258,0.491072416305542,-0.04391777515411377,-8.209080696105957,0.47273901104927063,-0.037863463163375854,-7.415448188781738,0.6226117610931396,0.007538795471191406,1.2256749868392944,0.5443617701530457,0.5349901914596558,0.5106024742126465,0.6150729656219482,TPWR
middle_aggregated,TVA,Tennessee Valley Authority,ba,35.96,-83.92,32.685001373291016,35.08599853515625,-2.4009971618652344,-6.8431854248046875,170.25465393066406,167.88778686523438,2.3668670654296875,1.4097893238067627,17.8411922454834,-1.7176761627197266,-8.782083511352539,19.716711044311523,-0.4728584289550781,-2.342092514038086,16.56212043762207,0.06463623046875,0.39179447293281555,19.34345817565918,1.4554328918457031,8.1363525390625,18.897647857666016,-0.6612205505371094,-3.380668878555298,19.99138641357422,-0.1981830596923828,-0.9816111326217651,17.019014358520508,0.5215301513671875,3.1612708568573,20.2806339263916,2.392608642578125,13.375475883483887,19.347768783569336,-0.21109962463378906,-1.0793038606643677,20.67471694946289,0.48514747619628906,2.402961015701294,17.61174201965332,1.1142578125,6.75410795211792,21.950166702270508,4.062141418457031,22.70871925354004,19.558868408203125,20.1895694732666,16.49748420715332,17.888025283813477,TVA
middle_aggregated,WACM,Western Area Power Administration - Central,ba,39.74,-104.99,5.610000133514404,5.869999885559082,-0.25999975204467773,-4.429301738739014,30.820470809936523,34.654571533203125,-3.8341007232666016,-11.063769340515137,3.522921562194824,1.0339016914367676,41.53850555419922,3.9204843044281006,0.9486227035522461,31.920150756835938,3.456387996673584,0.48494410514831543,16.32015037536621,3.9650328159332275,0.09175682067871094,2.368971824645996,3.782763957977295,1.2937440872192383,51.978050231933594,4.090085506439209,1.1182239055633545,37.627052307128906,3.628720283508301,0.6572763919830322,22.11976432800293,3.971250534057617,0.09797453880310059,2.529500722885132,3.886533737182617,1.3975138664245605,56.147159576416016,4.142216205596924,1.1703546047210693,39.381195068359375,3.6948039531707764,0.7233600616455078,24.34372329711914,3.8551392555236816,-0.01813673973083496,-0.4682531952857971,2.4890198707580566,2.9718616008758545,2.9714438915252686,3.8732759952545166,WACM
middle_aggregated,WALC,Western Area Power Administration - Lower Colorado,ba,36.17,-115.15,1.9950000047683716,1.811000108718872,0.1839998960494995,10.160124778747559,8.742863655090332,8.868011474609375,-0.12514781951904297,-1.4112184047698975,1.0306072235107422,-0.17878341674804688,-14.782934188842773,1.0852090120315552,-0.09445846080780029,-8.007210731506348,0.9892094731330872,-0.0589333176612854,-5.6226420402526855,0.6847060918807983,-0.03138202428817749,-4.382424831390381,1.0494320392608643,-0.1599586009979248,-13.22637939453125,1.1145565509796143,-0.06511092185974121,-5.519430160522461,1.0244512557983398,-0.023691534996032715,-2.2603344917297363,0.7160463929176331,-4.172325134277344e-05,-0.005826552864164114,1.1340693235397339,-0.07532131671905518,-6.228038787841797,1.1875207424163818,0.007853269577026367,0.6657189130783081,1.0825001001358032,0.034357309341430664,3.2779223918914795,0.7919343113899231,0.07584619522094727,10.591740608215332,1.209390640258789,1.1796674728393555,1.0481427907943726,0.7160881161689758,WALC
middle_aggregated,WAUW,Western Area Power Administration - Upper Great Plains,ba,46.81,-100.78,0.15799997746944427,0.16399984061717987,-0.005999863147735596,-3.658456325531006,0.7310212850570679,0.7900832891464233,-0.05906200408935547,-7.475414276123047,0.08954858034849167,-0.0053303539752960205,-5.618058681488037,0.11087308824062347,0.0001026540994644165,0.09267283231019974,0.08178763091564178,-0.003214128315448761,-3.7812490463256836,0.09733642637729645,0.000839628279209137,0.8701099753379822,0.09185954928398132,-0.003019385039806366,-3.1823556423187256,0.10087406635284424,-0.00989636778831482,-8.934123992919922,0.07570696622133255,-0.009294793009757996,-10.93482494354248,0.09336227178573608,-0.003134526312351227,-3.248321533203125,0.09719762206077576,0.0023186877369880676,2.443838357925415,0.09375208616256714,-0.01701834797859192,-15.363618850708008,0.07831382006406784,-0.006687939167022705,-7.8680009841918945,0.09939652681350708,0.0028997287154197693,3.005000114440918,0.09487893432378769,0.11077043414115906,0.08500175923109055,0.09649679809808731,WAUW
least_aggregated,0001,Minnesota / Dakotas,subregion,44.98,-93.27,16.39699935913086,16.91200065612793,-0.5150012969970703,-3.045175075531006,96.87338256835938,94.78980255126953,2.0835800170898438,2.1981098651885986,10.862438201904297,0.22652816772460938,2.12984299659729,11.335816383361816,0.2515220642089844,2.2691752910614014,10.187300682067871,0.26551246643066406,2.6760547161102295,11.263734817504883,0.2618551254272461,2.380094528198242,10.282334327697754,-0.3535757064819336,-3.324357748031616,11.114570617675781,0.03027629852294922,0.2731459140777588,10.068245887756348,0.14645767211914062,1.4761216640472412,11.617255210876465,0.6153755187988281,5.593367099761963,10.817428588867188,0.1815185546875,1.7066575288772583,11.377737998962402,0.2934436798095703,2.6473824977874756,10.220105171203613,0.29831695556640625,3.006685256958008,12.348479270935059,1.3465995788574219,12.239723205566406,10.635910034179688,11.084294319152832,9.921788215637207,11.001879692077637,MISO
least_aggregated,0004,Iowa / Minnesota,subregion,41.59,-93.62,8.447999954223633,8.85200023651123,-0.40400028228759766,-4.563940525054932,43.04856491088867,43.91542053222656,-0.8668556213378906,-1.9739216566085815,4.986605167388916,-0.4629039764404297,-8.494416236877441,5.5019211769104,-0.11451387405395508,-2.0389068126678467,4.671011447906494,-0.12437200546264648,-2.5935778617858887,5.071231842041016,0.10648059844970703,2.1447317600250244,5.052772521972656,-0.39673662185668945,-7.280226707458496,5.2420244216918945,-0.37441062927246094,-6.66633939743042,4.619551181793213,-0.17583227157592773,-3.666698932647705,5.092860698699951,0.12810945510864258,2.5803799629211426,4.949382781982422,-0.5001263618469238,-9.177456855773926,5.284312725067139,-0.3321223258972168,-5.913401126861572,4.558277130126953,-0.2371063232421875,-4.944470405578613,5.402155876159668,0.4374046325683594,8.810201644897461,5.449509143829346,5.6164350509643555,4.795383453369141,4.964751243591309,MISO
least_aggregated,0006,Illinois / Indiana,subregion,40.7,-89.4,16.18899917602539,16.29400062561035,-0.10500144958496094,-0.6444090008735657,90.14259338378906,88.42619323730469,1.716400146484375,1.9410537481307983,9.46118450164795,-0.9898567199707031,-9.471369743347168,10.3992338180542,-0.16482067108154297,-1.5602028369903564,8.972537994384766,-0.12249088287353516,-1.3467893600463867,10.119023323059082,0.6249542236328125,6.58257532119751,9.883002281188965,-0.5680389404296875,-5.435237884521484,10.36672306060791,-0.19733142852783203,-1.8679516315460205,9.206032752990723,0.11100387573242188,1.2204896211624146,10.646215438842773,1.152146339416504,12.135432243347168,10.240583419799805,-0.21045780181884766,-2.013749599456787,10.78767204284668,0.2236175537109375,2.1167776584625244,9.348562240600586,0.25353336334228516,2.7876038551330566,11.64416790008545,2.1500988006591797,22.646757125854492,10.451041221618652,10.564054489135742,9.0950288772583,9.49406909942627,MISO
least_aggregated,0027,Michigan,subregion,42.33,-83.05,32.1150016784668,31.277000427246094,0.8380012512207031,2.6792850494384766,159.2624053955078,158.12225341796875,1.1401519775390625,0.7210521697998047,17.641939163208008,-0.6159420013427734,-3.373567819595337,19.272594451904297,-0.4155464172363281,-2.1106433868408203,16.91353988647461,-0.06210517883300781,-0.36584872007369995,17.422849655151367,0.1904773712158203,1.1053462028503418,17.85750961303711,-0.4003715515136719,-2.1928696632385254,19.4464054107666,-0.24173545837402344,-1.2278226613998413,16.894954681396484,-0.08069038391113281,-0.47533029317855835,17.817106246948242,0.5847339630126953,3.3932294845581055,18.028350830078125,-0.22953033447265625,-1.257157564163208,19.779226303100586,0.09108543395996094,0.4626410901546478,16.919631958007812,-0.05601310729980469,-0.3299615681171417,18.784624099731445,1.5522518157958984,9.007765769958496,18.25788116455078,19.688140869140625,16.975645065307617,17.232372283935547,MISO
least_aggregated,0035,Louisiana / Mississippi,subregion,30.5,-91.15,16.97599983215332,16.927000045776367,0.048999786376953125,0.2894783318042755,92.74576568603516,90.09637451171875,2.6493911743164062,2.940619945526123,10.09426212310791,-0.36203765869140625,-3.462388038635254,10.934630393981934,0.03408622741699219,0.31270208954811096,9.375028610229492,0.1648111343383789,1.789438009262085,10.392803192138672,0.4568138122558594,4.597567558288574,10.112043380737305,-0.3442564010620117,-3.292334794998169,10.548874855041504,-0.3516693115234375,-3.226162910461426,9.347412109375,0.13719463348388672,1.4895917177200317,10.773406982421875,0.8374176025390625,8.428125381469727,10.607711791992188,0.1514120101928711,1.4480457305908203,11.186141014099121,0.2855968475341797,2.620023727416992,9.69621753692627,0.48600006103515625,5.276749134063721,11.668654441833496,1.7326650619506836,17.438274383544922,10.456299781799316,10.900544166564941,9.210217475891113,9.935989379882812,MISO
least_aggregated,4001,Connecticut,subregion,41.76,-72.68,2.0380001068115234,1.9550000429153442,0.0830000638961792,4.2455244064331055,10.811548233032227,11.058405876159668,-0.2468576431274414,-2.2323110103607178,1.22372567653656,-0.06666398048400879,-5.166189670562744,1.313658595085144,-0.0789790153503418,-5.671182155609131,1.1770304441452026,-0.030527949333190918,-2.5280723571777344,1.348940134048462,0.01865065097808838,1.4019993543624878,1.2192879915237427,-0.07110166549682617,-5.510092735290527,1.317859411239624,-0.07477819919586182,-5.369537830352783,1.121716022491455,-0.08584237098693848,-7.108755588531494,1.3929189443588257,0.06262946128845215,4.7079572677612305,1.2029303312301636,-0.08745932579040527,-6.777745246887207,1.2616957426071167,-0.13094186782836914,-9.402437210083008,1.0909208059310913,-0.11663758754730225,-9.658960342407227,1.4831290245056152,0.1528395414352417,11.4891939163208,1.2903896570205688,1.3926376104354858,1.2075583934783936,1.3302894830703735,ISNE
least_aggregated,4002,Maine,subregion,43.66,-70.27,2.569999933242798,2.438999891281128,0.13100004196166992,5.371053695678711,11.596991539001465,11.5343017578125,0.06268978118896484,0.543509304523468,1.2259236574172974,-0.04278707504272461,-3.3724849224090576,1.3642289638519287,-0.06841802597045898,-4.775637626647949,1.1770762205123901,0.03116321563720703,2.7195098400115967,1.341019868850708,0.04647088050842285,3.589735269546509,1.2753106355667114,0.006599903106689453,0.5202054977416992,1.409952998161316,-0.022693991661071777,-1.5840603113174438,1.1520005464553833,0.006087541580200195,0.5312394499778748,1.418521761894226,0.12397277355194092,9.576522827148438,1.2996147871017456,0.030904054641723633,2.4358630180358887,1.3983808755874634,-0.034266114234924316,-2.3918044567108154,1.157002329826355,0.011089324951171875,0.9677283763885498,1.5127339363098145,0.2181849479675293,16.854127883911133,1.268710732460022,1.4326469898223877,1.145913004875183,1.2945489883422852,ISNE
least_aggregated,4003,Massachusetts,subregion,42.36,-71.06,0.8920000195503235,0.9099999070167542,-0.017999887466430664,-1.9780088663101196,4.867458343505859,4.814486026763916,0.05297231674194336,1.1002732515335083,0.5215322971343994,-0.015185415744781494,-2.8293113708496094,0.5469484925270081,-0.03289562463760376,-5.673184394836426,0.4964556097984314,-9.703636169433594e-05,-0.019542008638381958,0.6397423148155212,0.01392519474029541,2.2251219749450684,0.5102421045303345,-0.026475608348846436,-4.9328742027282715,0.5505146980285645,-0.029329419136047363,-5.0581560134887695,0.47536981105804443,-0.0211828351020813,-4.265979766845703,0.6671087741851807,0.041291654109954834,6.598038196563721,0.530719518661499,-0.005998194217681885,-1.1175696849822998,0.5433812737464905,-0.03646284341812134,-6.288386821746826,0.46402400732040405,-0.03252863883972168,-6.550893783569336,0.7182042598724365,0.0923871397972107,14.762641906738281,0.5367177128791809,0.5798441171646118,0.49655264616012573,0.6258171200752258,ISNE
least_aggregated,4004,New Hampshire,subregion,43.2,-71.54,6.486000061035156,6.001999855041504,0.48400020599365234,8.063979148864746,27.339710235595703,26.915006637573242,0.42470359802246094,1.5779449939727783,2.843751907348633,-0.24860310554504395,-8.039280891418457,3.3629024028778076,-0.2799489498138428,-7.684885501861572,2.7664661407470703,-0.010530710220336914,-0.3792121708393097,3.124312400817871,0.10394740104675293,3.4415509700775146,3.0191993713378906,-0.07315564155578613,-2.3656935691833496,3.358105182647705,-0.2847461700439453,-7.8165740966796875,2.6531803607940674,-0.12381649017333984,-4.45864725112915,3.276369094848633,0.25600409507751465,8.475932121276855,3.0527501106262207,-0.039604902267456055,-1.280735969543457,3.3312957286834717,-0.3115556240081787,-8.552520751953125,2.669644594192505,-0.10735225677490234,-3.8657679557800293,3.588470458984375,0.5681054592132568,18.809165954589844,3.0923550128936768,3.6428513526916504,2.7769968509674072,3.020364999771118,ISNE
least_aggregated,4005,Rhode Island,subregion,41.82,-71.41,1.934000015258789,1.7569999694824219,0.1770000457763672,10.073989868164062,7.683291912078857,7.677934646606445,0.005357265472412109,0.06977788358926773,0.8107444047927856,-0.04885673522949219,-5.683651447296143,0.983988344669342,-0.05758029222488403,-5.528228282928467,0.8020100593566895,0.01670151948928833,2.12674617767334,0.8587931394577026,0.021415889263153076,2.5574960708618164,0.8569504618644714,-0.0026506781578063965,-0.3083614110946655,0.9809557199478149,-0.06061291694641113,-5.819387912750244,0.7761871814727783,-0.009121358394622803,-1.1614999771118164,0.8868939280509949,0.04951667785644531,5.91330623626709,0.8695269227027893,0.009925782680511475,1.1546963453292847,0.9649376273155212,-0.07663100957870483,-7.357269287109375,0.7791898250579834,-0.006118714809417725,-0.7791478633880615,0.9533476233482361,0.11597037315368652,13.849239349365234,0.8596011400222778,1.041568636894226,0.7853085398674011,0.8373772501945496,ISNE
least_aggregated,4006,Vermont,subregion,44.26,-72.58,3.615000009536743,3.3239998817443848,0.2910001277923584,8.754512786865234,14.157360076904297,14.012472152709961,0.14488792419433594,1.033993124961853,1.4434367418289185,-0.06950569152832031,-4.59407377243042,1.7626895904541016,-0.10809266567230225,-5.777939319610596,1.424438238143921,0.04644143581390381,3.370213508605957,1.6042544841766357,0.0633389949798584,4.110478401184082,1.5442763566970825,0.03133392333984375,2.071058511734009,1.810271978378296,-0.06051027774810791,-3.2344908714294434,1.3784931898117065,0.0004963874816894531,0.03602239489555359,1.6788311004638672,0.13791561126708984,8.950238227844238,1.5584826469421387,0.0455402135848999,3.010042667388916,1.7445340156555176,-0.12624824047088623,-6.748419761657715,1.390604853630066,0.012608051300048828,0.9149550199508667,1.8297863006591797,0.28887081146240234,18.746700286865234,1.5129424333572388,1.8707822561264038,1.377996802330017,1.5409154891967773,ISNE
least_aggregated,4007,Western Massachusetts,subregion,42.1,-72.59,3.3329999446868896,3.1689999103546143,0.1640000343322754,5.175134181976318,16.055789947509766,15.883198738098145,0.1725912094116211,1.0866198539733887,1.687661051750183,-0.09321582317352295,-5.234265327453613,1.8942867517471313,-0.11414468288421631,-5.683274745941162,1.6339212656021118,0.02098262310028076,1.3008941411972046,1.8780747652053833,0.06423783302307129,3.541543960571289,1.7571837902069092,-0.023693084716796875,-1.3304167985916138,1.9224538803100586,-0.08597755432128906,-4.2808308601379395,1.5918883085250854,-0.021050333976745605,-1.3050919771194458,1.9460928440093994,0.1322559118270874,7.291499614715576,1.8102140426635742,0.029337167739868164,1.6473439931869507,1.909332036972046,-0.09909939765930176,-4.934168815612793,1.6047097444534302,-0.008228898048400879,-0.5101804733276367,2.1246893405914307,0.31085240840911865,17.137836456298828,1.780876874923706,2.0084314346313477,1.612938642501831,1.813836932182312,ISNE
least_aggregated,4008,Northeast Massachusetts,subregion,42.52,-70.89,5.491000175476074,5.22599983215332,0.2650003433227539,5.070799827575684,23.946115493774414,23.744529724121094,0.2015857696533203,0.8489786386489868,2.5149357318878174,-0.08375668525695801,-3.223031759262085,2.872678756713867,-0.15220308303833008,-5.031703472137451,2.452253580093384,0.0955507755279541,4.054426193237305,2.7045679092407227,0.10168933868408203,3.9068031311035156,2.6511874198913574,0.05249500274658203,2.020054578781128,2.948868751525879,-0.07601308822631836,-2.512927532196045,2.3842856884002686,0.027582883834838867,1.1704014539718628,2.8306896686553955,0.22781109809875488,8.752275466918945,2.688156843185425,0.08946442604064941,3.4426708221435547,2.8906073570251465,-0.13427448272705078,-4.438999176025391,2.4221010208129883,0.0653982162475586,2.7749879360198975,3.0795257091522217,0.47664713859558105,18.312307357788086,2.5986924171447754,3.0248818397521973,2.3567028045654297,2.6028785705566406,ISNE
least_aggregated,8910,Arkansas / Missouri,subregion,38.63,-90.2,32.43600082397461,32.36800003051758,0.06800079345703125,0.21008405089378357,178.5859832763672,178.67709350585938,-0.0911102294921875,-0.05098807066679001,20.19101333618164,-0.8300743103027344,-3.9487698078155518,22.5150089263916,1.3366031646728516,6.311160087585449,18.756284713745117,0.5148944854736328,2.8226711750030518,19.246856689453125,1.3883628845214844,7.77424430847168,20.166563034057617,-0.8545246124267578,-4.065082550048828,21.627443313598633,0.4490375518798828,2.1202611923217773,18.9090633392334,0.6676731109619141,3.6602094173431396,19.804893493652344,1.9463996887207031,10.899014472961426,20.587621688842773,-0.43346595764160156,-2.0620529651641846,21.749303817749023,0.5708980560302734,2.6956613063812256,19.531347274780273,1.289957046508789,7.07159423828125,20.59311294555664,2.734619140625,15.312708854675293,21.021087646484375,21.17840576171875,18.241390228271484,17.85849380493164,MISO
least_aggregated,ACMA,Acoma-Laguna,subregion,35.05,-107.67,0.003000000026077032,0.003000000026077032,0.0,0.0,0.01841600053012371,0.018279999494552612,0.00013600103557109833,0.7439824938774109,,,,,,,,,,0.0020804544910788536,,,0.0019393517868593335,,,0.0020577958784997463,,,0.0020512822084128857,,,0.0021096013952046633,,,0.002108145970851183,,,0.002109318971633911,,,0.002107142936438322,,,0.002108871005475521,,,,,,,PNM
least_aggregated,AE,Atlantic City Electric,subregion,39.36,-74.43,2.742000102996826,2.61299991607666,0.12900018692016602,4.936854362487793,9.968680381774902,10.305333137512207,-0.3366527557373047,-3.266784191131592,1.05002760887146,-0.10622334480285645,-9.18687629699707,1.4008101224899292,-0.04734694957733154,-3.2694623470306396,1.0550522804260254,0.0011718273162841797,0.11119167506694794,1.0942014455795288,0.024901390075683594,2.328756093978882,1.170206069946289,0.013955116271972656,1.206928014755249,1.3818098306655884,-0.06634724140167236,-4.5814948081970215,1.019147515296936,-0.034732937812805176,-3.2957189083099365,1.1134155988693237,0.044115543365478516,4.125647068023682,1.1533257961273193,-0.0029251575469970703,-0.2529864013195038,1.3213074207305908,-0.12684965133666992,-8.759384155273438,0.9838525652885437,-0.07002788782119751,-6.644765853881836,1.173981785774231,0.10468173027038574,9.789743423461914,1.1562509536743164,1.4481570720672607,1.0538804531097412,1.0693000555038452,PJM
least_aggregated,AEP,American Electric Power,subregion,39.1,-82.98,24.204999923706055,23.670000076293945,0.5349998474121094,2.2602450847625732,144.82252502441406,133.844970703125,10.977554321289062,8.201691627502441,13.929932594299316,-0.81134033203125,-5.50386905670166,15.189956665039062,0.05215740203857422,0.344550758600235,13.300455093383789,-0.0005435943603515625,-0.004086868837475777,15.622480392456055,0.8046226501464844,5.430087566375732,14.926634788513184,0.1853618621826172,1.257434606552124,15.473886489868164,0.3360872268676758,2.2201855182647705,13.667732238769531,0.3667335510253906,2.757188081741333,17.413883209228516,2.5960254669189453,17.519573211669922,15.644448280334473,0.9031753540039062,6.126847743988037,16.50444984436035,1.3666505813598633,9.028066635131836,14.801325798034668,1.5003271102905273,11.279808044433594,19.147682189941406,4.329824447631836,29.220312118530273,14.741272926330566,15.137799263000488,13.30099868774414,14.81785774230957,PJM
least_aggregated,AP,Appalachian Power,subregion,37.27,-81.23,9.779000282287598,9.895000457763672,-0.11600017547607422,-1.1723092794418335,50.98722457885742,50.292293548583984,0.6949310302734375,1.3817862272262573,5.31310510635376,-0.3689999580383301,-6.4940714836120605,5.8435444831848145,-0.05360221862792969,-0.9089517593383789,4.999186992645264,-0.11956310272216797,-2.335787057876587,6.050814151763916,0.21269845962524414,3.6432723999023438,5.62246561050415,-0.05963945388793945,-1.049601435661316,5.848268985748291,-0.048877716064453125,-0.8288366794586182,4.9859418869018555,-0.13280820846557617,-2.594543695449829,6.482784271240234,0.6446685791015625,11.04240894317627,5.744411468505859,0.06230640411376953,1.0965373516082764,5.868308067321777,-0.028838634490966797,-0.48902690410614014,5.058947563171387,-0.05980253219604492,-1.168303370475769,7.129201889038086,1.291086196899414,22.114776611328125,5.68210506439209,5.897146701812744,5.118750095367432,5.838115692138672,PJM
least_aggregated,ATSI,American Transmission Systems Inc.,subregion,41.5,-81.7,12.6899995803833,12.51099967956543,0.1789999008178711,1.4307409524917603,68.20236206054688,67.94795989990234,0.25440216064453125,0.3744041919708252,7.261528491973877,-0.4223752021789551,-5.496882915496826,8.00223445892334,-0.08392620086669922,-1.0378992557525635,7.019953727722168,0.032901763916015625,0.4708962142467499,7.6901469230651855,0.19146728515625,2.553346633911133,7.697144985198975,0.013241291046142578,0.1723250448703766,8.10460376739502,0.01844310760498047,0.22808238863945007,7.084265232086182,0.0972132682800293,1.3913345336914062,7.99075984954834,0.4920802116394043,6.562224864959717,7.791004657745361,0.1071009635925293,1.3938353061676025,8.328391075134277,0.24223041534423828,2.995617151260376,7.083827972412109,0.09677600860595703,1.3850764036178589,8.564085006713867,1.0654053688049316,14.207905769348145,7.683903694152832,8.086160659790039,6.987051963806152,7.4986796379089355,PJM
least_aggregated,BASI,Basin Electric,subregion,46.81,-100.78,0.3213433623313904,,,,0.17381590604782104,,,,,,,,,,,,,,,,,,,,,,,,,,,,,,,,,,,,,,,,,,,,BHBA
least_aggregated,BC,Baltimore Gas and Electric,subregion,39.29,-76.61,6.572999954223633,6.854000091552734,-0.28100013732910156,-4.099795818328857,30.751970291137695,31.063152313232422,-0.31118202209472656,-1.0017720460891724,3.1716511249542236,-0.33425211906433105,-9.533980369567871,3.8025076389312744,-0.0794365406036377,-2.0463080406188965,3.0510637760162354,0.008100509643554688,0.2662046551704407,3.559751272201538,0.18893933296203613,5.605157852172852,3.5144596099853516,0.008556365966796875,0.24405597150325775,3.8096137046813965,-0.07233047485351562,-1.8632538318634033,3.011878728866577,-0.031084537506103516,-1.0215219259262085,3.8252949714660645,0.4544830322265625,13.482895851135254,3.4770312309265137,-0.028872013092041016,-0.8235257267951965,3.6923165321350098,-0.18962764739990234,-4.884862899780273,2.93257999420166,-0.11038327217102051,-3.627492904663086,4.23986291885376,0.8690509796142578,25.781652450561523,3.5059032440185547,3.881944179534912,3.0429632663726807,3.370811939239502,PJM
least_aggregated,CE,Columbus Southern Power,subregion,39.96,-82.99,20.764999389648438,21.656999588012695,-0.8920001983642578,-4.118760585784912,96.0511703491211,94.53230285644531,1.5188674926757812,1.606714129447937,10.279828071594238,-0.8485517501831055,-7.625114917755127,11.573681831359863,-0.09553241729736328,-0.8186705112457275,9.696479797363281,-0.12244033813476562,-1.2469837665557861,10.619193077087402,0.4043111801147461,3.9580602645874023,10.636351585388184,-0.49202823638916016,-4.421382427215576,11.467456817626953,-0.20175743103027344,-1.7289718389511108,9.852580070495605,0.033659934997558594,0.3428069055080414,10.953243255615234,0.7383613586425781,7.228291034698486,10.887798309326172,-0.24058151245117188,-2.1618735790252686,11.97469711303711,0.3054828643798828,2.6178529262542725,9.956860542297363,0.1379404067993164,1.4048429727554321,11.817933082580566,1.6030511856079102,15.693291664123535,11.128379821777344,11.669214248657227,9.818920135498047,10.214881896972656,PJM
least_aggregated,COAS,Coast,subregion,29.76,-95.37,22.437999725341797,23.100000381469727,-0.6620006561279297,-2.8658008575439453,127.0368423461914,124.1341552734375,2.9026870727539062,2.3383476734161377,13.841479301452637,-0.5562906265258789,-3.863727569580078,15.63068675994873,1.5011959075927734,10.624557495117188,13.626485824584961,1.0712499618530273,8.532297134399414,12.187265396118164,1.0928421020507812,9.850373268127441,14.245074272155762,-0.1526956558227539,-1.0605508089065552,14.531240463256836,0.4017496109008789,2.843341112136841,14.045266151428223,1.490030288696289,11.86780071258545,12.65190601348877,1.5574827194213867,14.03842830657959,14.940120697021484,0.5423507690429688,3.7669081687927246,15.61353588104248,1.4840450286865234,10.503174781799316,14.842612266540527,2.2873764038085938,18.218505859375,12.568201065063477,1.4737777709960938,13.283951759338379,14.397769927978516,14.129490852355957,12.555235862731934,11.094423294067383,ERCO
least_aggregated,CSWS,Empire District Electric,subregion,37.08,-94.51,10.104000091552734,9.869999885559082,0.23400020599365234,2.3708207607269287,49.37082290649414,48.915748596191406,0.4550743103027344,0.9303261637687683,5.459434509277344,-0.34909963607788086,-6.010116100311279,6.287578582763672,0.00673675537109375,0.10725878924131393,5.059667587280273,0.10367727279663086,2.09195876121521,5.310543537139893,0.270566463470459,5.368406772613525,5.559948921203613,-0.24858522415161133,-4.279655456542969,5.977411270141602,-0.30343055725097656,-4.83104944229126,5.135335922241211,0.17934560775756836,3.6187641620635986,5.522626876831055,0.4826498031616211,9.576428413391113,5.675724983215332,-0.13280916213989258,-2.2864489555358887,6.1734700202941895,-0.10737180709838867,-1.7095129489898682,5.328043460845947,0.3720531463623047,7.507140159606934,5.937010765075684,0.89703369140625,17.798368453979492,5.808534145355225,6.280841827392578,4.955990314483643,5.039977073669434,SWPP
least_aggregated,CYGA,City of Gallup,subregion,35.53,-108.74,0.039000000804662704,0.03700000047683716,0.0020000003278255463,5.405405521392822,0.15785899758338928,0.18205299973487854,-0.024194002151489258,-13.289536476135254,0.01962827704846859,,,0.022697580978274345,0.000392252579331398,1.7585599422454834,0.019501831382513046,-0.00015663914382457733,-0.7968022227287292,0.022209692746400833,-0.00031974539160728455,-1.4192336797714233,0.020973147824406624,,,0.022534498944878578,0.0002291705459356308,1.0274250507354736,0.018962912261486053,-0.0006955582648515701,-3.5382113456726074,0.021693840622901917,-0.0008355975151062012,-3.708914279937744,0.01376544963568449,,,0.02200358361005783,-0.0003017447888851166,-1.3527923822402954,0.01927884668111801,-0.0003796238452196121,-1.9310954809188843,0.018451612442731857,-0.00407782569527626,-18.09998893737793,,0.022305328398942947,0.019658470526337624,0.022529438138008118,PNM
least_aggregated,DAY,Dayton Power and Light,subregion,39.76,-84.19,3.3940000534057617,3.365000009536743,0.029000043869018555,0.8618127703666687,17.902204513549805,17.560047149658203,0.34215736389160156,1.9484913349151611,1.8658009767532349,-0.15283381938934326,-7.571147441864014,2.0823471546173096,-0.019482851028442383,-0.9269470572471619,1.7774043083190918,-0.011677265167236328,-0.6526960730552673,1.9790314435958862,0.02958965301513672,1.517852544784546,1.99448561668396,-0.024149179458618164,-1.196312427520752,2.0853002071380615,-0.01652979850769043,-0.7864478826522827,1.822330117225647,0.03324854373931885,1.8584141731262207,2.1255667209625244,0.1761249303817749,9.03463363647461,2.0266880989074707,0.008053302764892578,0.39894798398017883,2.156456470489502,0.05462646484375,2.5989954471588135,1.8548870086669922,0.06580543518066406,3.678168296813965,2.324106216430664,0.37466442584991455,19.21906089782715,2.018634796142578,2.101830005645752,1.7890815734863281,1.9494417905807495,PJM
least_aggregated,DEOK,Duke Energy Ohio/Kentucky,subregion,39.1,-84.51,5.183000087738037,5.163000106811523,0.019999980926513672,0.387371689081192,26.622697830200195,26.665109634399414,-0.04241180419921875,-0.15905427932739258,2.847276210784912,-0.23168301582336426,-7.524718284606934,3.2202539443969727,-0.021359682083129883,-0.6589213013648987,2.687493085861206,-0.01038503646850586,-0.3849335014820099,2.9823410511016846,0.12772631645202637,4.474380016326904,3.0399818420410156,-0.03897738456726074,-1.2659273147583008,3.2015419006347656,-0.040071725845336914,-1.236166000366211,2.7494940757751465,0.05161595344543457,1.9132055044174194,3.14096999168396,0.28635525703430176,10.031310081481934,3.05731463432312,-0.02164459228515625,-0.702984094619751,3.2802579402923584,0.03864431381225586,1.1921319961547852,2.7306249141693115,0.03274679183959961,1.2137980461120605,3.4125444889068604,0.5579297542572021,19.544836044311523,3.0789592266082764,3.2416136264801025,2.697878122329712,2.854614734649658,PJM
least_aggregated,DOM,Dominion Virginia Power,subregion,37.54,-77.44,25.413000106811523,24.957000732421875,0.45599937438964844,1.8271427154541016,138.0072021484375,128.70877075195312,9.298431396484375,7.224390029907227,12.67517375946045,-0.21100234985351562,-1.6374317407608032,14.505569458007812,0.6352109909057617,4.579629421234131,12.368045806884766,0.6569614410400391,5.609740257263184,14.63405990600586,1.1455516815185547,8.4927978515625,14.237105369567871,1.3509292602539062,10.483553886413574,15.022835731506348,1.1524772644042969,8.308921813964844,12.835272789001465,1.1241884231567383,9.599353790283203,16.435476303100586,2.9469680786132812,21.847991943359375,15.379040718078613,2.4928646087646484,19.34526252746582,15.857084274291992,1.9867258071899414,14.323535919189453,13.877588272094727,2.16650390625,18.499601364135742,18.012704849243164,4.524196624755859,33.54111862182617,12.886176109313965,13.87035846710205,11.711084365844727,13.488508224487305,PJM
least_aggregated,DPL,Delmarva Power,subregion,39.16,-75.52,3.999000072479248,4.093999862670898,-0.09499979019165039,-2.3204689025878906,18.685392379760742,18.63768768310547,0.04770469665527344,0.2559545040130615,1.8706119060516357,-0.20608973503112793,-9.923896789550781,2.3014445304870605,-0.07265663146972656,-3.060384750366211,1.776598334312439,-0.02348911762237549,-1.3048876523971558,2.154362440109253,0.11182522773742676,5.474819660186768,2.098323345184326,0.0216217041015625,1.0411560535430908,2.2959976196289062,-0.07810354232788086,-3.2898154258728027,1.7619034051895142,-0.03818404674530029,-2.121232748031616,2.364680767059326,0.3221435546875,15.771734237670898,2.1038336753845215,0.027132034301757812,1.306496500968933,2.242957830429077,-0.13114333152770996,-5.5239152908325195,1.7729624509811401,-0.027125000953674316,-1.506871223449707,2.629178762435913,0.5866415500640869,28.721216201782227,2.0767016410827637,2.374101161956787,1.8000874519348145,2.042537212371826,PJM
least_aggregated,DUQ,Duquesne Light,subregion,40.44,-79.99,2.678999900817871,2.6760001182556152,0.0029997825622558594,0.11210762709379196,13.040667533874512,13.473809242248535,-0.43314170837402344,-3.214688539505005,1.4392650127410889,-0.08418679237365723,-5.526055335998535,1.6317329406738281,-6.23464584350586e-05,-0.0038207280449569225,1.3725354671478271,-0.006834268569946289,-0.49546313285827637,1.497361421585083,0.034336209297180176,2.3469321727752686,1.5558795928955078,0.03242778778076172,2.128573417663574,1.672827124595642,0.041031837463378906,2.5145211219787598,1.3925206661224365,0.013150930404663086,0.9534014463424683,1.5222710371017456,0.05924582481384277,4.04954195022583,1.4975762367248535,-0.025875568389892578,-1.6984829902648926,1.6304504871368408,-0.0013447999954223633,-0.08241229504346848,1.3271020650863647,-0.05226767063140869,-3.789243221282959,1.5954389572143555,0.13241374492645264,9.050681114196777,1.523451805114746,1.6317952871322632,1.3793697357177734,1.4630252122879028,PJM
least_aggregated,EAST,East,subregion,32.35,-94.79,3.2939999103546143,3.494999885559082,-0.20099997520446777,-5.751072883605957,16.09296226501465,16.176889419555664,-0.08392715454101562,-0.5188080668449402,1.8099620342254639,-0.12767887115478516,-6.58939790725708,2.099703073501587,0.12867975234985352,6.528575897216797,1.7399942874908447,0.09115207195281982,5.528246879577637,1.720228910446167,0.08577775955200195,5.24810791015625,1.849414587020874,-0.088226318359375,-4.553285121917725,1.9791679382324219,0.008144617080688477,0.4132176637649536,1.7509212493896484,0.10207903385162354,6.190952301025391,1.8075535297393799,0.17310237884521484,10.590856552124023,1.85137939453125,-0.08626151084899902,-4.451883316040039,1.9251610040664673,-0.04586231708526611,-2.3268277645111084,1.778140664100647,0.12929844856262207,7.841772079467773,1.9377989768981934,0.3033478260040283,18.559614181518555,1.937640905380249,1.9710233211517334,1.648842215538025,1.634451150894165,ERCO
least_aggregated,EDE,Empire District Electric - Eastern,subregion,38.75,-96.5,1.25,1.2579998970031738,-0.007999897003173828,-0.6359204053878784,5.529876232147217,5.558328628540039,-0.028452396392822266,-0.5118894577026367,0.6203969717025757,-0.015164971351623535,-2.386072874069214,0.7068395614624023,-0.0009189248085021973,-0.12983591854572296,0.5574848651885986,0.008569657802581787,1.5611988306045532,0.6320183873176575,0.011227965354919434,1.8086563348770142,0.625572919845581,-0.009989023208618164,-1.571683645248413,0.6695536971092224,-0.03820478916168213,-5.397998332977295,0.5499149560928345,0.000999748706817627,0.18213172256946564,0.672081708908081,0.05129128694534302,8.26225471496582,0.6398767828941345,0.004314839839935303,0.6789015531539917,0.6815186738967896,-0.02623981237411499,-3.7074527740478516,0.5600035190582275,0.011088311672210693,2.020040988922119,0.771769642829895,0.15097922086715698,24.32048225402832,0.6355619430541992,0.7077584862709045,0.5489152073860168,0.620790421962738,SWPP
least_aggregated,EKPC,East Kentucky Power Cooperative,subregion,37.82,-84.27,3.5510001182556152,3.7809998989105225,-0.22999978065490723,-6.0830464363098145,14.690935134887695,14.37695598602295,0.3139791488647461,2.1839044094085693,1.466162919998169,-0.0726923942565918,-4.723796844482422,1.6237256526947021,0.04878997802734375,3.09790301322937,1.3675055503845215,0.03399455547332764,2.5492520332336426,1.84945809841156,0.146844744682312,8.62466812133789,1.5915416479110718,0.052686333656311035,3.4237356185913086,1.6459962129592896,0.07106053829193115,4.511964321136475,1.3737165927886963,0.04020559787750244,3.0150179862976074,1.9801734685897827,0.27756011486053467,16.302003860473633,1.6430447101593018,0.10418939590454102,6.770577907562256,1.6843328475952148,0.10939717292785645,6.946135997772217,1.4024684429168701,0.06895744800567627,5.171119213104248,2.245720386505127,0.5431070327758789,31.898435592651367,1.5388553142547607,1.5749356746673584,1.3335109949111938,1.702613353729248,PJM
least_aggregated,FREP,Four Corners,subregion,36.81,-108.43,0.08335819840431213,0.0860000029206276,-0.00264180451631546,-3.0718603134155273,0.36903509497642517,0.5378689765930176,-0.1688338816165924,-31.3894100189209,0.07211142033338547,0.008554771542549133,13.46007251739502,0.051533155143260956,-0.010977260768413544,-17.56068992614746,0.06007005274295807,-0.006429947912693024,-9.66909408569336,0.07264085114002228,0.001773551106452942,2.5026369094848633,0.0644453763961792,0.000888727605342865,1.3983235359191895,0.051015231758356094,-0.011495184153318405,-18.38922882080078,0.0695100724697113,0.003010071814060211,4.526423454284668,0.05097509175539017,-0.01989220827817917,-28.069656372070312,0.05960674211382866,-0.003949906677007675,-6.214781284332275,0.048054661601781845,-0.014455754309892654,-23.12535285949707,0.03854670375585556,-0.027953296899795532,-42.035030364990234,0.04670560359954834,-0.024161696434020996,-34.09428024291992,0.06355664879083633,0.0625104159116745,0.06650000065565109,0.07086730003356934,PNM
least_aggregated,FWES,West,subregion,31.76,-106.44,9.461999893188477,8.63599967956543,0.8260002136230469,9.564613342285156,67.08232879638672,62.40910339355469,4.673225402832031,7.4880547523498535,5.677156448364258,1.1492443084716797,25.381330490112305,5.845172882080078,1.0576186180114746,22.090999603271484,5.923208236694336,1.15087890625,24.115663528442383,6.913604259490967,1.0303821563720703,17.51390838623047,6.5756611824035645,2.0477490425109863,45.22501754760742,6.809026718139648,2.021472454071045,42.223487854003906,6.809329986572266,2.0370006561279297,42.683570861816406,7.695948123931885,1.8127260208129883,30.811790466308594,7.431979179382324,2.904067039489746,64.13700103759766,7.608588695526123,2.8210344314575195,58.92433547973633,7.69370698928833,2.921377658843994,61.21492385864258,7.610296726226807,1.7270746231079102,29.35593032836914,4.527912139892578,4.7875542640686035,4.772329330444336,5.8832221031188965,ERCO
least_aggregated,GRDA,Grand River Dam Authority,subregion,36.31,-94.78,1.3320001363754272,1.227000117301941,0.10500001907348633,8.557456970214844,8.731308937072754,7.86707878112793,0.8642301559448242,10.98539924621582,0.8261538147926331,-0.004459023475646973,-0.5368353724479675,0.8673385977745056,-0.0032189488410949707,-0.36975714564323425,0.7726901173591614,-0.0016841292381286621,-0.21748261153697968,0.8560550808906555,0.05192810297012329,6.457699298858643,0.8681144118309021,0.03750157356262207,4.514928340911865,0.9065029621124268,0.03594541549682617,4.1290106773376465,0.8462772965431213,0.0719030499458313,9.285309791564941,0.9420945048332214,0.1379675269126892,17.15743064880371,0.9533606171607971,0.12274777889251709,14.77797794342041,1.0172022581100464,0.1466447114944458,16.844919204711914,0.9072537422180176,0.13287949562072754,17.159595489501953,1.044283151626587,0.2401561737060547,29.86545181274414,0.83061283826828,0.8705575466156006,0.77437424659729,0.8041269779205322,SWPP
least_aggregated,INDN,Indiana Municipal Power Agency,subregion,39.77,-86.16,0.2619999051094055,0.27200010418891907,-0.01000019907951355,-3.6765365600585938,1.0180342197418213,1.029114007949829,-0.011079788208007812,-1.0766299962997437,0.11789418756961823,-0.008371517062187195,-6.630080223083496,0.13549646735191345,-0.0034230947494506836,-2.4640839099884033,0.10372459888458252,6.803125143051147e-05,0.06563139706850052,0.1129380315542221,0.006862610578536987,6.469557285308838,0.12015631049871445,-0.006109394133090973,-4.838521957397461,0.13144712150096893,-0.007472440600395203,-5.378969192504883,0.1027713268995285,-0.0008852407336235046,-0.854013204574585,0.11175537109375,0.00567995011806488,5.354633331298828,0.11825244873762131,-0.008013255894184113,-6.346343994140625,0.13249173760414124,-0.0064278244972229,-4.627011775970459,0.1023060753941536,-0.001350492238998413,-1.3028526306152344,0.12398431450128555,0.017908893525600433,16.88317108154297,0.12626570463180542,0.13891956210136414,0.10365656763315201,0.10607542097568512,SWPP
least_aggregated,JC,Jersey Central Power and Light,subregion,40.06,-74.2,6.234000205993652,6.175000190734863,0.05900001525878906,0.9554656147956848,22.46468734741211,22.344207763671875,0.12047958374023438,0.5392001271247864,2.2708067893981934,-0.1809394359588623,-7.380023002624512,2.887749195098877,-0.1443629264831543,-4.761134147644043,2.230048179626465,0.0393221378326416,1.7949362993240356,2.4603052139282227,0.08910918235778809,3.7579846382141113,2.559100866317749,0.10735464096069336,4.378701210021973,2.9357268810272217,-0.09638524055480957,-3.1788151264190674,2.1354501247406006,-0.055275917053222656,-2.5231781005859375,2.566476345062256,0.1952803134918213,8.235519409179688,2.533372640609741,0.08162641525268555,3.329317569732666,2.846583366394043,-0.18552875518798828,-6.118795871734619,2.201240062713623,0.010514020919799805,0.47993314266204834,2.7837393283843994,0.41254329681396484,17.398109436035156,2.4517462253570557,3.0321121215820312,2.1907260417938232,2.3711960315704346,PJM
least_aggregated,JICA,Jicarilla Apache,subregion,36.72,-106.77,0.003000000026077032,0.004000000189989805,-0.0010000001639127731,-25.0,0.019649000838398933,0.020343000069260597,-0.0006939992308616638,-3.4114930629730225,0.0022865168284624815,-2.668541856110096e-05,-1.1536136865615845,0.00240188161842525,9.209918789565563e-05,3.9873533248901367,0.0020801282953470945,-2.1062325686216354e-05,-1.0023995637893677,0.002710597822442651,1.4945631846785545e-05,0.5544347167015076,0.0022416666615754366,-7.153558544814587e-05,-3.092491626739502,0.0022083332296460867,-0.00010144920088350773,-4.392154216766357,0.0020590657368302345,-4.212488420307636e-05,-2.004810333251953,0.002555706538259983,-0.0001399456523358822,-5.191532135009766,0.002255149884149432,-5.8052362874150276e-05,-2.509610414505005,0.0022916668094694614,-1.811562106013298e-05,-0.784299910068512,0.002059981692582369,-4.120892845094204e-05,-1.961217999458313,0.0027809140738099813,8.52618832141161e-05,3.1629409790039062,0.0023132022470235825,0.0023097824305295944,0.002101190621033311,0.0026956521905958652,PNM
least_aggregated,KACY,Kansas City Power and Light,subregion,39.1,-94.58,0.455000102519989,0.49100005626678467,-0.035999953746795654,-7.331968307495117,2.2862355709075928,2.451860189437866,-0.16562461853027344,-6.755064964294434,0.28496915102005005,-0.00843113660812378,-2.8735952377319336,0.31345728039741516,-0.007691293954849243,-2.3949332237243652,0.25701621174812317,-0.007692992687225342,-2.906205177307129,0.27078890800476074,0.0037240684032440186,1.3944436311721802,0.2859921157360077,-0.007408171892166138,-2.5249366760253906,0.30345651507377625,-0.01769205927848816,-5.508995056152344,0.26514431834220886,0.00043511390686035156,0.16437430679798126,0.25962069630622864,-0.007444143295288086,-2.7873916625976562,0.27015694975852966,-0.023243337869644165,-7.922057151794434,0.28719091415405273,-0.03395766019821167,-10.573816299438477,0.24230116605758667,-0.02240803837776184,-8.465152740478516,0.2777528166770935,0.010687977075576782,4.002015590667725,0.29340028762817383,0.3211485743522644,0.2647092044353485,0.2670648396015167,SWPP
least_aggregated,KAFB,Kirtland Air Force Base,subregion,35.04,-106.61,0.07500000298023224,0.07400000095367432,0.0010000020265579224,1.3513513803482056,0.4648500084877014,0.46219000220298767,0.002660006284713745,0.5755208730697632,0.051343630999326706,-2.9027462005615234e-05,-0.056503720581531525,0.05535215139389038,0.0015129297971725464,2.810088634490967,0.05119459703564644,0.0014450550079345703,2.9046599864959717,0.04962409660220146,0.00036232173442840576,0.7355027794837952,0.052892591804265976,0.0015199333429336548,2.9586424827575684,0.0557137094438076,0.0018744878470897675,3.481639862060547,0.05238965153694153,0.00264010950922966,5.306801795959473,0.0500606894493103,0.0007989145815372467,1.6217738389968872,0.052682582288980484,0.0013099238276481628,2.5498461723327637,0.05565457046031952,0.0018153488636016846,3.3717963695526123,0.05317353457212448,0.003423992544412613,6.882460594177246,0.05024193599820137,0.0009801611304283142,1.989699125289917,0.05137265846133232,0.053839221596717834,0.04974954202771187,0.049261774867773056,PNM
least_aggregated,KCEC,Kit Carson Electric Cooperative,subregion,36.41,-105.57,0.06199999898672104,0.06599999964237213,-0.0040000006556510925,-6.060606002807617,0.2410377562046051,0.24422499537467957,-0.003187239170074463,-1.305046558380127,0.02845318429172039,-0.0018206071108579636,-6.013806343078613,0.026406362652778625,-0.0007858239114284515,-2.8898887634277344,0.022580586373806,-0.0010576844215393066,-4.474457740783691,0.04245651885867119,0.0030507221817970276,7.741810321807861,0.026201389729976654,-0.0040724016726017,-13.451905250549316,0.02582482062280178,-0.0013673659414052963,-5.028524875640869,0.020471610128879547,-0.0031666606664657593,-13.396329879760742,0.040512681007385254,0.0011068843305110931,2.8089377880096436,0.02606179751455784,-0.0042119938880205154,-13.913003921508789,0.023542562499642372,-0.003649624064564705,-13.421590805053711,0.020292123779654503,-0.0033461470156908035,-14.155633926391602,0.04255479574203491,0.0031489990651607513,7.991207599639893,0.030273791402578354,0.027192186564207077,0.023638270795345306,0.03940579667687416,PNM
least_aggregated,KCPL,Kansas City Power and Light,subregion,39.1,-94.58,3.7290003299713135,3.7039997577667236,0.025000572204589844,0.6749592423439026,17.15830421447754,17.0140380859375,0.14426612854003906,0.8479233980178833,1.8917542695999146,-0.055075764656066895,-2.8289968967437744,2.096275806427002,-0.025935649871826172,-1.2221049070358276,1.6715952157974243,0.0028113126754760742,0.1684647500514984,1.9321682453155518,0.17868459224700928,10.190262794494629,1.911005973815918,-0.03582406044006348,-1.8401225805282593,2.0503029823303223,-0.07190847396850586,-3.3883745670318604,1.7005218267440796,0.03173792362213135,1.9018594026565552,1.9769338369369507,0.2234501838684082,12.743215560913086,1.9994487762451172,0.05261874198913574,2.7027907371520996,2.1385104656219482,0.016299009323120117,0.7680200338363647,1.7741447687149048,0.10536086559295654,6.313631534576416,2.1600019931793213,0.4065183401107788,23.183469772338867,1.9468300342559814,2.122211456298828,1.6687839031219482,1.7534836530685425,SWPP
least_aggregated,LAC,Los Alamos County,subregion,35.88,-106.3,0.09600000083446503,0.0729999989271164,0.023000001907348633,31.506847381591797,0.5238159894943237,0.48726901412010193,0.0365469753742218,7.5003743171691895,0.06231618672609329,0.0006804168224334717,1.1039317846298218,0.06991490721702576,0.004550322890281677,6.961450099945068,0.06899640709161758,0.003987252712249756,6.133371353149414,0.06568495184183121,-0.0059677064418792725,-8.32866096496582,0.06097685173153877,-0.000658918172121048,-1.0690516233444214,0.05657213181257248,-0.0087924525141716,-13.451401710510254,0.05284340679645538,-0.012165747582912445,-18.713899612426758,0.06345425546169281,-0.00819840282201767,-11.441868782043457,0.0571451298892498,-0.004490640014410019,-7.285769462585449,0.060978494584560394,-0.004386089742183685,-6.710193157196045,0.05941254273056984,-0.005596611648797989,-8.608959197998047,0.056495968252420425,-0.015156690031290054,-21.153003692626953,0.06163576990365982,0.06536458432674408,0.06500915437936783,0.07165265828371048,PNM
least_aggregated,LES,Lincoln Electric System,subregion,40.81,-96.7,0.7989999651908875,0.7909990549087524,0.00800091028213501,1.0114872455596924,3.779824733734131,3.5708837509155273,0.20894098281860352,5.851240634918213,0.4081936478614807,0.002173513174057007,0.5353215336799622,0.4401298463344574,-0.0010564327239990234,-0.2394527643918991,0.3646738529205322,0.006077557802200317,1.6948189735412598,0.4060058891773224,0.017260730266571045,4.440114498138428,0.39928004145622253,-0.006740093231201172,-1.6600390672683716,0.43253156542778015,-0.00865471363067627,-1.9616914987564087,0.3688899278640747,0.010293632745742798,2.870535135269165,0.4205476939678192,0.03180253505706787,8.180817604064941,0.42352840304374695,0.017508268356323242,4.312167644500732,0.4431174397468567,0.0019311606884002686,0.43772003054618835,0.36778345704078674,0.009187161922454834,2.561979055404663,0.4935922920703888,0.10484713315963745,26.970661163330078,0.4060201346874237,0.4411862790584564,0.3585962951183319,0.38874515891075134,SWPP
least_aggregated,ME,Metropolitan Edison,subregion,40.34,-75.93,3.0880000591278076,3.132000207901001,-0.04400014877319336,-1.4048608541488647,15.690132141113281,15.794901847839355,-0.10476970672607422,-0.6633152961730957,1.6698524951934814,-0.11761510372161865,-6.579985618591309,1.8954986333847046,-0.06903088092803955,-3.5138633251190186,1.5601154565811157,-0.06258881092071533,-3.8570683002471924,1.8361624479293823,0.03914451599121094,2.1783041954040527,1.838919758796692,0.0514521598815918,2.8784947395324707,1.9278297424316406,-0.036699771881103516,-1.8681201934814453,1.582749605178833,-0.03995466232299805,-2.4622268676757812,1.921467661857605,0.1244497299194336,6.925347328186035,1.781603217124939,-0.005864381790161133,-0.32808324694633484,1.8665883541107178,-0.09794116020202637,-4.985476493835449,1.5877573490142822,-0.03494691848754883,-2.1536221504211426,2.0522406101226807,0.2552226781845093,14.202566146850586,1.7874675989151,1.9645295143127441,1.622704267501831,1.7970179319381714,PJM
least_aggregated,MPS,Minnesota Power,subregion,46.79,-92.1,2.0439999103546143,1.996000051498413,0.04799985885620117,2.4048094749450684,9.417415618896484,9.405180931091309,0.012234687805175781,0.13008786737918854,1.054518461227417,-0.04682457447052002,-4.251588344573975,1.1667696237564087,-0.009336590766906738,-0.7938560843467712,0.9363813400268555,0.0046035051345825195,0.4940561056137085,1.059133529663086,0.051856160163879395,5.14815092086792,1.0499587059020996,-0.0513843297958374,-4.6656060218811035,1.1174200773239136,-0.058686137199401855,-4.989867210388184,0.9381495118141174,0.006371676921844482,0.6838192939758301,1.1029820442199707,0.09570467472076416,9.501322746276855,1.108808159828186,0.0074651241302490234,0.677820086479187,1.1681528091430664,-0.007953405380249023,-0.6762489080429077,0.9697299599647522,0.03795212507247925,4.073087692260742,1.2249280214309692,0.2176506519317627,21.607818603515625,1.101343035697937,1.1761062145233154,0.931777834892273,1.0072773694992065,SWPP
least_aggregated,NCEN,North Central,subregion,32.78,-96.8,27.878999710083008,27.958999633789062,-0.07999992370605469,-0.2861332595348358,135.20352172851562,133.37069702148438,1.83282470703125,1.3742268085479736,14.605996131896973,-1.0483636856079102,-6.696943759918213,17.20120620727539,0.5638866424560547,3.3892877101898193,13.757760047912598,0.725794792175293,5.569342613220215,13.786219596862793,1.3103008270263672,10.502639770507812,14.66887092590332,-0.9854888916015625,-6.295299530029297,16.532258987426758,-0.10506057739257812,-0.6314753890037537,14.18151569366455,1.149550437927246,8.821005821228027,14.515303611755371,2.0393848419189453,16.34657096862793,15.763296127319336,0.10893630981445312,0.6958847641944885,16.78284454345703,0.1455249786376953,0.874690055847168,14.993757247924805,1.9617919921875,15.053692817687988,15.455418586730957,2.9794998168945312,23.882007598876953,15.654359817504883,16.637319564819336,13.031965255737305,12.475918769836426,ERCO
least_aggregated,NPPD,Nebraska Public Power District,subregion,41.13,-100.77,3.869999885559082,3.8369998931884766,0.03299999237060547,0.8600468635559082,19.037105560302734,18.83033561706543,0.2067699432373047,1.0980684757232666,1.9507484436035156,-0.05343174934387207,-2.666015148162842,2.4357001781463623,-0.22003746032714844,-8.285361289978027,1.792480707168579,-0.06511688232421875,-3.5054352283477783,2.0786919593811035,0.15946340560913086,8.308724403381348,1.8782256841659546,-0.1259545087814331,-6.284590244293213,2.439802885055542,-0.21593475341796875,-8.130876541137695,1.91205632686615,0.05445873737335205,2.931675672531128,2.1917247772216797,0.27249622344970703,14.198216438293457,2.166368246078491,0.16218805313110352,8.092488288879395,2.4499549865722656,-0.20578265190124512,-7.748606204986572,1.895736575126648,0.0381389856338501,2.0531349182128906,2.3236706256866455,0.40444207191467285,21.073158264160156,2.0041801929473877,2.6557376384735107,1.8575975894927979,1.9192285537719727,SWPP
least_aggregated,NRTH,North,subregion,33.58,-101.85,3.065999984741211,2.755000114440918,0.31099987030029297,11.288566589355469,17.433542251586914,15.187335968017578,2.246206283569336,14.789994239807129,1.3736246824264526,0.052324652671813965,3.9600887298583984,1.5632929801940918,0.14509224891662598,10.230727195739746,1.3231111764907837,0.1421440839767456,12.03624439239502,1.6288444995880127,0.3978177309036255,32.3159294128418,1.6504616737365723,0.3291616439819336,24.91195297241211,1.8034578561782837,0.38525712490081787,27.165205001831055,1.5865561962127686,0.40558910369873047,34.34381103515625,1.9126498699188232,0.681623101234436,55.37028884887695,1.8723629713058472,0.5510629415512085,41.706119537353516,2.0439584255218506,0.6257576942443848,44.12335205078125,1.9363038539886475,0.7553367614746094,63.95916748046875,2.023627996444702,0.7926012277603149,64.3853759765625,1.3213000297546387,1.4182007312774658,1.180967092514038,1.2310267686843872,ERCO
least_aggregated,OKGE,Oklahoma Gas and Electric,subregion,35.47,-97.52,7.698999881744385,7.5929999351501465,0.10599994659423828,1.3960226774215698,40.21438980102539,39.773868560791016,0.440521240234375,1.1075613498687744,4.08838415145874,-0.06865119934082031,-1.6514461040496826,4.649744033813477,0.057558536529541016,1.2534018754959106,3.8508992195129395,0.15161514282226562,4.098499774932861,4.111291408538818,0.2965254783630371,7.773097515106201,4.360560894012451,0.20352554321289062,4.89592981338501,4.831588268280029,0.23940277099609375,5.213264465332031,4.204665660858154,0.5053815841674805,13.661604881286621,4.459925651550293,0.6451597213745117,16.91217041015625,4.638302326202393,0.48126697540283203,11.577168464660645,4.990603446960449,0.39841794967651367,8.67599868774414,4.395819664001465,0.696535587310791,18.828929901123047,4.631019592285156,0.816253662109375,21.397214889526367,4.1570353507995605,4.5921854972839355,3.699284076690674,3.8147659301757812,SWPP
least_aggregated,OPPD,Omaha Public Power District,subregion,41.26,-95.94,3.1659996509552,3.005999803543091,0.15999984741210938,5.322688579559326,17.0764217376709,15.415102005004883,1.6613197326660156,10.777223587036133,1.5698769092559814,0.049774885177612305,3.2744436264038086,1.6719499826431274,0.017726659774780273,1.0716001987457275,1.435121774673462,0.0608057975769043,4.424440860748291,1.6948188543319702,0.21633386611938477,14.632131576538086,1.6829456090927124,0.16284358501434326,10.712675094604492,1.8188167810440063,0.16459345817565918,9.949893951416016,1.6054381132125854,0.23112213611602783,16.817249298095703,1.8886878490447998,0.41020286083221436,27.74481201171875,1.893858790397644,0.3737567663192749,24.587610244750977,2.0014421939849854,0.3472188711166382,20.989843368530273,1.7832649946212769,0.40894901752471924,29.756549835205078,2.0836141109466553,0.6051291227340698,40.92900085449219,1.5201020240783691,1.6542233228683472,1.3743159770965576,1.4784849882125854,SWPP
least_aggregated,PE,Peco Energy,subregion,39.95,-75.17,8.54699993133545,8.652999877929688,-0.10599994659423828,-1.2250086069107056,39.26780700683594,39.235694885253906,0.03211212158203125,0.08184384554624557,4.062984943389893,-0.31722116470336914,-7.242151260375977,4.859329700469971,-0.18584823608398438,-3.683680772781372,3.910426378250122,-0.02110886573791504,-0.5369114875793457,4.4034833908081055,0.17786073684692383,4.20910120010376,4.471325397491455,0.09111928939819336,2.0802512168884277,4.883932590484619,-0.16124534606933594,-3.1960289478302,3.8434455394744873,-0.0880897045135498,-2.2405929565429688,4.673465728759766,0.447843074798584,10.598274230957031,4.4461669921875,0.06596088409423828,1.505885362625122,4.781379222869873,-0.26379871368408203,-5.228729724884033,3.9019083976745605,-0.029626846313476562,-0.7535694241523743,5.104665756225586,0.8790431022644043,20.802688598632812,4.380206108093262,5.045177936553955,3.931535243988037,4.225622653961182,PJM
least_aggregated,PEP,Pepco,subregion,38.91,-77.04,6.11299991607666,6.250999927520752,-0.1380000114440918,-2.207646608352661,29.027156829833984,28.977394104003906,0.049762725830078125,0.17172697186470032,3.071892738342285,-0.16910982131958008,-5.217824459075928,3.6191680431365967,-0.021028757095336914,-0.5776818990707397,2.930683135986328,0.016757726669311523,0.5750911235809326,3.270820379257202,0.16048479080200195,5.159726142883301,3.2816050052642822,0.04060244560241699,1.2527742385864258,3.575500249862671,-0.0646965503692627,-1.777281641960144,2.837740421295166,-0.07618498802185059,-2.614513874053955,3.510671854019165,0.40033626556396484,12.871159553527832,3.335235834121704,0.09423327445983887,2.907534599304199,3.48171067237854,-0.15848612785339355,-4.353779315948486,2.8514952659606934,-0.06243014335632324,-2.1424758434295654,3.899725914001465,0.7893903255462646,25.37958526611328,3.2410025596618652,3.6401968002319336,2.9139254093170166,3.1103355884552,PJM
least_aggregated,PGAE,Pacific Gas and Electric,subregion,37.78,-122.42,18.86400032043457,21.155000686645508,-2.2910003662109375,-10.829590797424316,97.5719985961914,98.4764175415039,-0.9044189453125,-0.9184087514877319,10.781926155090332,-0.5321531295776367,-4.703459739685059,12.39416790008545,0.13466167449951172,1.0984265804290771,10.816254615783691,-0.4845151901245117,-4.2874531745910645,10.740467071533203,-0.06894683837890625,-0.6378406882286072,10.873200416564941,-0.44087886810302734,-3.8967278003692627,12.245096206665039,-0.014410018920898438,-0.1175415962934494,11.080221176147461,-0.2205486297607422,-1.951624870300293,10.745943069458008,-0.06347084045410156,-0.5871811509132385,10.798680305480957,-0.5153989791870117,-4.555377006530762,11.627840042114258,-0.6316661834716797,-5.152460098266602,10.943931579589844,-0.3568382263183594,-3.1576454639434814,10.814127922058105,0.004714012145996094,0.04361024871468544,11.314079284667969,12.259506225585938,11.300769805908203,10.80941390991211,CISO
least_aggregated,PL,Penn Power,subregion,40.9,-79.9,7.9120001792907715,8.130999565124512,-0.21899938583374023,-2.6933956146240234,41.96367645263672,42.10801315307617,-0.14433670043945312,-0.3427756130695343,4.484508514404297,-0.2766594886779785,-5.81074857711792,4.940165996551514,-0.19589853286743164,-3.814175605773926,4.235157489776611,-0.0873117446899414,-2.0199506282806396,4.98894739151001,0.1468067169189453,3.031855583190918,4.70943021774292,-0.05173778533935547,-1.0866615772247314,4.9512939453125,-0.1847705841064453,-3.597512722015381,4.182034492492676,-0.14043474197387695,-3.2489471435546875,5.272335529327393,0.4301948547363281,8.884393692016602,4.802572250366211,0.04140424728393555,0.8696237802505493,4.9126667976379395,-0.22339773178100586,-4.349589824676514,4.158931255340576,-0.16353797912597656,-3.7834386825561523,5.798641204833984,0.9565005302429199,19.75366973876953,4.761168003082275,5.136064529418945,4.322469234466553,4.8421406745910645,PJM
least_aggregated,PN,Penelec,subregion,40.8,-77.86,2.950000047683716,3.0169999599456787,-0.06699991226196289,-2.2207491397857666,17.008264541625977,17.399805068969727,-0.39154052734375,-2.2502665519714355,1.8438843488693237,-0.08855903148651123,-4.582748889923096,2.041760206222534,0.013603687286376953,0.6707414984703064,1.841779351234436,0.031077980995178223,1.7163504362106323,2.067840337753296,0.09920370578765869,5.03920841217041,1.9863537549972534,0.05391037464141846,2.7897517681121826,2.0524961948394775,0.024339675903320312,1.200088620185852,1.7637665271759033,-0.04693484306335449,-2.59208083152771,2.1210744380950928,0.15243780612945557,7.743318557739258,1.9334440231323242,0.0010006427764892578,0.051781222224235535,1.9739162921905518,-0.05424022674560547,-2.674360990524292,1.747040867805481,-0.06366050243377686,-3.5157926082611084,2.2851383686065674,0.3165017366409302,16.07720375061035,1.932443380355835,2.0281565189361572,1.8107013702392578,1.9686366319656372,PJM
least_aggregated,PNM,Public Service Company of New Mexico,subregion,35.08,-106.65,2.107999801635742,2.069999933242798,0.037999868392944336,1.8357369899749756,10.332732200622559,10.25920581817627,0.07352638244628906,0.7166831493377686,1.1073877811431885,-0.028307437896728516,-2.492520570755005,1.313963770866394,0.09010231494903564,7.362133026123047,1.0469015836715698,0.005884766578674316,0.5652902722358704,1.13070809841156,0.029386043548583984,2.6682517528533936,1.1485648155212402,0.012869596481323242,1.1331909894943237,1.255683183670044,0.03182172775268555,2.6001086235046387,1.0813772678375244,0.040360450744628906,3.8770220279693604,1.145749568939209,0.04442751407623291,4.0340166091918945,1.150341272354126,0.014646053314208984,1.2896112203598022,1.295462727546692,0.0716012716293335,5.850439071655273,1.0938481092453003,0.052831292152404785,5.074970245361328,1.207654595375061,0.10633254051208496,9.654990196228027,1.135695219039917,1.2238614559173584,1.0410168170928955,1.101322054862976,PNM
least_aggregated,PS,Pennsylvania Power and Light,subregion,40.6,-76.48,10.192999839782715,10.157999992370605,0.034999847412109375,0.3445560038089752,43.17924118041992,43.09703826904297,0.08220291137695312,0.19073235988616943,4.359721660614014,-0.4083995819091797,-8.56520938873291,5.4341206550598145,-0.3309626579284668,-5.740813255310059,4.446205139160156,0.03322553634643555,0.7529048323631287,4.7277512550354,0.10510396957397461,2.273674964904785,4.941662788391113,0.17354154586791992,3.6396210193634033,5.544747829437256,-0.2203354835510254,-3.8218960762023926,4.308732509613037,-0.1042470932006836,-2.36228346824646,4.918109893798828,0.29546260833740234,6.391631603240967,4.874096870422363,0.10597562789916992,2.2225866317749023,5.358884811401367,-0.40619850158691406,-7.045838832855225,4.349020957946777,-0.06395864486694336,-1.4493300914764404,5.2646894454956055,0.6420421600341797,13.889058113098145,4.768121242523193,5.765083312988281,4.412979602813721,4.622647285461426,PJM
least_aggregated,RECO,Reliant Energy,subregion,39.35,-74.45,0.43299993872642517,0.41599929332733154,0.017000645399093628,4.086699485778809,1.5121370553970337,1.5046257972717285,0.007511258125305176,0.49921050667762756,0.16045406460762024,0.08153458684682846,103.31363677978516,0.19322586059570312,0.12679490447044373,190.86717224121094,0.15573705732822418,0.07581077516078949,94.85087585449219,0.15790489315986633,0.004163339734077454,2.708012104034424,0.17575466632843018,0.0968351885676384,122.70124816894531,0.19515360891819,0.1287226378917694,193.76904296875,0.14914770424365997,0.06922142207622528,86.60658264160156,0.1654767245054245,0.01173517107963562,7.63305139541626,0.17074421048164368,0.0918247327208519,116.3524398803711,0.19555480778217316,0.12912383675575256,194.3729705810547,0.15580931305885315,0.07588303089141846,94.94127655029297,0.1711481511592865,0.01740659773349762,11.321986198425293,0.07891947776079178,0.06643096357584,0.07992628216743469,0.15374155342578888,PJM
least_aggregated,SCE,Southern California Edison,subregion,34.05,-118.24,22.156999588012695,25.56599998474121,-3.4090003967285156,-13.334115982055664,109.33531188964844,107.57113647460938,1.7641754150390625,1.640008807182312,10.658958435058594,-0.6356496810913086,-5.627903938293457,13.182657241821289,-0.04248237609863281,-0.3212243914604187,11.551380157470703,-0.8372917175292969,-6.758526802062988,11.063756942749023,0.24261856079101562,2.242079734802246,11.325170516967773,0.030562400817871094,0.2705928385257721,13.570354461669922,0.34521484375,2.610292673110962,12.310344696044922,-0.07832717895507812,-0.6322484016418457,11.2289457321167,0.4078073501586914,3.768617630004883,11.996037483215332,0.7014293670654297,6.210302829742432,13.294419288635254,0.06927967071533203,0.523848295211792,12.578871726989746,0.1901998519897461,1.5352723598480225,11.234942436218262,0.4138040542602539,3.8240342140197754,11.294608116149902,13.225139617919922,12.388671875,10.821138381958008,CISO
least_aggregated,SCEN,South Central,subregion,30.27,-97.74,15.005000114440918,15.564000129699707,-0.5590000152587891,-3.5916216373443604,79.67190551757812,76.89097595214844,2.7809295654296875,3.616715669631958,8.514451026916504,-0.2601804733276367,-2.965144157409668,9.760351181030273,0.8604440689086914,9.668011665344238,8.385368347167969,0.6973528861999512,9.070649147033691,7.620405673980713,0.6178555488586426,8.823293685913086,8.77388858795166,-0.0007429122924804688,-0.00846659205853939,9.239507675170898,0.3396005630493164,3.8157765865325928,8.523232460021973,0.8352169990539551,10.863883018493652,8.140827178955078,1.1382770538330078,16.255178451538086,9.350983619689941,0.5763521194458008,6.568390846252441,9.667132377624512,0.7672252655029297,8.620598793029785,9.215254783630371,1.5272393226623535,19.865196228027344,8.486733436584473,1.4841833114624023,21.194896697998047,8.77463150024414,8.899907112121582,7.688015460968018,7.00255012512207,ERCO
least_aggregated,SDE,Butte Electric,subregion,44.3,-100.35,0.36422690749168396,,,,0.19689558446407318,,,,,,,,,,,,,,,,,,,,,,,,,,,,,,,,,,,,,,,,,,,,BHBA
least_aggregated,SDGE,San Diego Gas and Electric,subregion,32.72,-117.16,4.00600004196167,4.797999858856201,-0.7919998168945312,-16.506877899169922,19.584928512573242,18.424497604370117,1.160430908203125,6.298299312591553,1.877841830253601,-0.042507052421569824,-2.2135066986083984,2.222071886062622,-0.024140119552612305,-1.0747034549713135,2.0412850379943848,-0.211958646774292,-9.40682315826416,2.090027332305908,0.004409313201904297,0.21141518652439117,1.9086662530899048,-0.011682629585266113,-0.6083597540855408,2.2324576377868652,-0.01375436782836914,-0.6123360991477966,2.118177652359009,-0.13506603240966797,-5.994293212890625,2.1870057582855225,0.10138773918151855,4.86128044128418,2.016200304031372,0.09585142135620117,4.991354465484619,2.234241485595703,-0.01197052001953125,-0.5329203605651855,2.232652187347412,-0.02059149742126465,-0.9138602018356323,2.2974302768707275,0.21181225776672363,10.155850410461426,1.920348882675171,2.2462120056152344,2.2532436847686768,2.085618019104004,CISO
least_aggregated,SECI,Securities and Exchange Comm - I,subregion,38.95,-94.67,1.1709998846054077,1.1559998989105225,0.014999985694885254,1.297577977180481,6.414430141448975,6.201427936553955,0.21300220489501953,3.434725046157837,0.6672821044921875,-0.017988264560699463,-2.624988079071045,0.7452118992805481,-0.018973827362060547,-2.482881546020508,0.656371533870697,0.008431017398834229,1.301202416419983,0.6556199193000793,0.013940513134002686,2.172504425048828,0.6927050948143005,0.007434725761413574,1.0849332809448242,0.7564008831977844,-0.007784843444824219,-1.0187108516693115,0.6686543226242065,0.02071380615234375,3.196868419647217,0.6981734037399292,0.05649399757385254,8.804084777832031,0.7030449509620667,0.017774581909179688,2.5938055515289307,0.7975837588310242,0.03339803218841553,4.370407581329346,0.700256884098053,0.052316367626190186,8.074254989624023,0.7195575833320618,0.07787817716598511,12.136617660522461,0.685270369052887,0.7641857266426086,0.6479405164718628,0.6416794061660767,SWPP
least_aggregated,SOUT,South,subregion,27.8,-97.4,6.988999843597412,7.209000110626221,-0.2200002670288086,-3.051740884780884,39.69198226928711,37.63017272949219,2.061809539794922,5.4791460037231445,4.196070671081543,0.038034915924072266,0.9147327542304993,4.54787015914917,0.34327125549316406,8.164185523986816,4.121344566345215,0.265225887298584,6.878052711486816,3.6595964431762695,0.36391210556030273,11.04207992553711,4.318170070648193,0.16013431549072266,3.851201057434082,4.447762489318848,0.2431635856628418,5.783276557922363,4.248692512512207,0.39257383346557617,10.180542945861816,4.082605838775635,0.786921501159668,23.877330780029297,4.558749198913574,0.4007134437561035,9.6370849609375,4.714197158813477,0.5095982551574707,12.120019912719727,4.605262756347656,0.7491440773010254,19.427412033081055,3.9855642318725586,0.6898798942565918,20.93282699584961,4.158035755157471,4.204598903656006,3.856118679046631,3.295684337615967,ERCO
least_aggregated,SPRM,Source Power,subregion,36.97,-94.34,0.7829999327659607,0.7810006737709045,0.0019992589950561523,0.2559879422187805,3.375328540802002,3.4256317615509033,-0.05030322074890137,-1.4684371948242188,0.38676607608795166,-0.01455196738243103,-3.6260437965393066,0.44213441014289856,-0.011004269123077393,-2.428455114364624,0.3476618230342865,-0.0018703341484069824,-0.5350964665412903,0.37373921275138855,0.02040347456932068,5.774528980255127,0.3962218165397644,-0.005096226930618286,-1.2698724269866943,0.423364520072937,-0.02977415919303894,-6.570650577545166,0.35610231757164,0.006570160388946533,1.8797012567520142,0.3715055584907532,0.018169820308685303,5.142366886138916,0.38933253288269043,-0.01198551058769226,-2.986536741256714,0.43424177169799805,-0.018896907567977905,-4.170226097106934,0.3543347716331482,0.004802614450454712,1.3740122318267822,0.40357083082199097,0.050235092639923096,14.217382431030273,0.4013180434703827,0.45313867926597595,0.3495321571826935,0.35333573818206787,SWPP
least_aggregated,SPS,Southwestern Public Service,subregion,35.2,-101.83,6.334000110626221,6.230000019073486,0.10400009155273438,1.6693419218063354,38.2230339050293,37.4997673034668,0.7232666015625,1.9287159442901611,3.8121180534362793,-0.10728693008422852,-2.7373268604278564,4.570910453796387,0.3240489959716797,7.630316734313965,3.9401490688323975,0.23407626152038574,6.316019058227539,3.8263373374938965,0.1202702522277832,3.2452259063720703,4.123800754547119,0.20439577102661133,5.214969635009766,4.665227890014648,0.4183664321899414,9.851191520690918,4.088807106018066,0.3827342987060547,10.32721996307373,4.111881732940674,0.40581464767456055,10.950008392333984,4.229252815246582,0.3098478317260742,7.905481815338135,4.6769633293151855,0.4301018714904785,10.127522468566895,4.213109493255615,0.5070366859436035,13.681239128112793,4.194263458251953,0.48819637298583984,13.172896385192871,3.919404983520508,4.246861457824707,3.7060728073120117,3.7060670852661133,SWPP
least_aggregated,TSGT,Tri-State Generation - Tucumcari,subregion,35.17,-103.72,0.4259999990463257,0.41999998688697815,0.006000012159347534,1.4285714626312256,2.331115484237671,2.503556251525879,-0.172440767288208,-6.887832164764404,0.27620357275009155,-0.006272256374359131,-2.2204577922821045,0.3086974024772644,0.017362087965011597,5.95948600769043,0.2650426924228668,0.0026180148124694824,0.9976251721382141,0.2970872223377228,-0.00232657790184021,-0.7770443558692932,0.28117722272872925,-0.0012986063957214355,-0.45972302556037903,0.2962421774864197,0.00490686297416687,1.6842665672302246,0.26224827766418457,-0.00017639994621276855,-0.06721926480531693,0.29416945576667786,-0.005244344472885132,-1.7515372037887573,0.2701897919178009,-0.01228603720664978,-4.349411964416504,0.2828352451324463,-0.008500069379806519,-2.917623996734619,0.2566273510456085,-0.005797326564788818,-2.209139347076416,0.30094674229621887,0.0015329420566558838,0.5119810700416565,0.2824758291244507,0.2913353145122528,0.26242467761039734,0.299413800239563,PNM
least_aggregated,VEA,Valley Electric Association,subregion,36.0,-115.15,0.24399974942207336,0.2499999701976776,-0.006000220775604248,-2.400085687637329,0.8200140595436096,0.8627517223358154,-0.04273766279220581,-4.953648090362549,0.07060640305280685,0.0034153535962104797,5.083048343658447,0.08460543304681778,0.006529189646244049,8.362581253051758,0.06327300518751144,0.0028285011649131775,4.679501056671143,0.09242802113294601,0.012069664895534515,15.019801139831543,0.08951576799154282,0.02232471853494644,33.22573471069336,0.10367453843355179,0.025598295032978058,32.78628158569336,0.08622165024280548,0.025777146220207214,42.645973205566406,0.09602034837007523,0.015661992132663727,19.490184783935547,0.0958465188741684,0.02865546941757202,42.64775085449219,0.10116161406040192,0.023085370659828186,29.56772804260254,0.08718185871839523,0.026737354695796967,44.23455047607422,0.10122817754745483,0.020869821310043335,25.9709415435791,0.06719104945659637,0.07807624340057373,0.06044450402259827,0.0803583562374115,CISO
least_aggregated,WAUE,Western Area Power - Upper East,subregion,43.55,-96.7,5.425000190734863,5.175000190734863,0.25,4.830917835235596,35.708927154541016,35.3072624206543,0.40166473388671875,1.1376242637634277,3.7593085765838623,0.12992000579833984,3.5796663761138916,3.8990559577941895,0.151078462600708,4.030932903289795,3.784905195236206,0.2727186679840088,7.764925956726074,4.419005870819092,0.1687145233154297,3.9694812297821045,3.854043960571289,0.2246553897857666,6.189896106719971,4.0279622077941895,0.279984712600708,7.470288276672363,3.861678123474121,0.34949159622192383,9.950826644897461,4.412145614624023,0.16185426712036133,3.808074712753296,3.909515380859375,0.28012681007385254,7.718291759490967,4.0287933349609375,0.28081583976745605,7.492463111877441,3.854959726333618,0.3427731990814209,9.759538650512695,4.626655578613281,0.37636423110961914,8.855021476745605,3.6293885707855225,3.7479774951934814,3.5121865272521973,4.250291347503662,SWPP
least_aggregated,WEST,West,subregion,32.45,-99.73,2.6519999504089355,2.506999969482422,0.14499998092651367,5.7838053703308105,12.879575729370117,11.827237129211426,1.0523386001586914,8.897589683532715,1.4225600957870483,-0.18999135494232178,-11.782033920288086,1.622641921043396,0.08236801624298096,5.347621440887451,1.4106847047805786,0.07565951347351074,5.667272090911865,1.270430564880371,-0.06493604183197021,-4.86278772354126,1.3879640102386475,-0.22458744049072266,-13.927457809448242,1.4723536968231201,-0.06792020797729492,-4.409618854522705,1.2670636177062988,-0.06796157360076904,-5.090658187866211,1.2638351917266846,-0.07153141498565674,-5.356687545776367,1.527988314628601,-0.08456313610076904,-5.244058132171631,1.5512186288833618,0.010944724082946777,0.7105699777603149,1.4333850145339966,0.09835982322692871,7.367637634277344,1.3154398202896118,-0.019926786422729492,-1.492233395576477,1.6125514507293701,1.540273904800415,1.3350251913070679,1.3353666067123413,ERCO
least_aggregated,WFEC,Western Farmers Electric Cooperative,subregion,35.47,-98.0,1.8339999914169312,1.8880001306533813,-0.054000139236450195,-2.860175848007202,9.718661308288574,10.1554594039917,-0.436798095703125,-4.301115036010742,1.133056402206421,-0.030903935432434082,-2.6550676822662354,1.24856436252594,-0.007902383804321289,-0.6289369463920593,1.0679212808609009,0.028593063354492188,2.751110076904297,1.1212364435195923,-0.006287217140197754,-0.5576128363609314,1.1387754678726196,-0.02518486976623535,-2.163722276687622,1.2158803939819336,-0.04058635234832764,-3.230196952819824,1.066909670829773,0.027581453323364258,2.6537771224975586,1.17084801197052,0.04332435131072998,3.8424339294433594,1.163697600364685,-0.0002627372741699219,-0.022572699934244156,1.1788729429244995,-0.07759380340576172,-6.17555570602417,1.0295822620391846,-0.009745955467224121,-0.9377168416976929,1.2544238567352295,0.12690019607543945,11.254770278930664,1.163960337638855,1.2564667463302612,1.0393282175064087,1.12752366065979,SWPP
least_aggregated,WR,Westar Energy,subregion,38.88,-95.83,6.579999923706055,6.821000099182129,-0.24100017547607422,-3.5332062244415283,32.06330490112305,32.47636032104492,-0.413055419921875,-1.2718727588653564,3.600682020187378,-0.2787010669708252,-7.184159755706787,4.077656269073486,-0.1943502426147461,-4.549389839172363,3.3921451568603516,-0.020830631256103516,-0.6103363633155823,3.55987548828125,0.1503891944885254,4.410904884338379,3.6880486011505127,-0.19133448600769043,-4.9320855140686035,4.033037185668945,-0.2389693260192871,-5.593842506408691,3.4068312644958496,-0.006144523620605469,-0.18003420531749725,3.56839919090271,0.15891289710998535,4.660904407501221,3.7287938594818115,-0.1505892276763916,-3.8817830085754395,4.026872158050537,-0.2451343536376953,-5.738154888153076,3.3644893169403076,-0.04848647117614746,-1.4206509590148926,3.8315176963806152,0.4220314025878906,12.378152847290039,3.879383087158203,4.272006511688232,3.412975788116455,3.4094862937927246,SWPP
least_aggregated,WYE,Wyrulec,subregion,42.87,-104.63,0.3571791648864746,,,,0.21912948787212372,,,,,,,,,,,,,,,,,,,,,,,,,,,,,,,,,,,,,,,,,,,,BHBA
least_aggregated,ZONA,Zone A,subregion,42.65,-73.75,2.6670000553131104,2.7100000381469727,-0.042999982833862305,-1.5867159366607666,14.945623397827148,15.392382621765137,-0.4467592239379883,-2.9024746417999268,1.611835241317749,-0.03217136859893799,-1.9568880796432495,1.7604680061340332,-0.01674520969390869,-0.9422172904014587,1.5845810174942017,-0.0014255046844482422,-0.08988012373447418,1.767578363418579,0.05785059928894043,3.3836145401000977,1.7563982009887695,0.11239159107208252,6.836443901062012,1.8441545963287354,0.06694138050079346,3.766648769378662,1.6481904983520508,0.06218397617340088,3.9207894802093506,1.7617119550704956,0.051984190940856934,3.0404951572418213,1.7334587574005127,0.08945214748382568,5.44110631942749,1.8509838581085205,0.07377064228057861,4.150916576385498,1.5707298517227173,-0.015276670455932617,-0.9632160663604736,1.8485604524612427,0.138832688331604,8.120163917541504,1.644006609916687,1.777213215827942,1.58600652217865,1.7097277641296387,NYIS
least_aggregated,ZONB,Zone B,subregion,42.09,-76.05,2.005999803543091,1.9149999618530273,0.09099984169006348,4.751952171325684,9.415964126586914,9.415778160095215,0.00018596649169921875,0.0019754075910896063,0.9972485899925232,-0.08323782682418823,-7.703736305236816,1.1092746257781982,-0.06898605823516846,-5.85490608215332,0.9702064990997314,-0.020279765129089355,-2.0474555492401123,1.107326626777649,0.018165946006774902,1.6678849458694458,1.0405077934265137,-0.039978623390197754,-3.7000577449798584,1.1332030296325684,-0.04505765438079834,-3.8240818977355957,0.9701235294342041,-0.0203627347946167,-2.0558321475982666,1.151597023010254,0.06243634223937988,5.732518672943115,1.0555628538131714,-0.02492356300354004,-2.3066985607147217,1.1335335969924927,-0.04472708702087402,-3.7960264682769775,0.9354047775268555,-0.05508148670196533,-5.5610551834106445,1.2241867780685425,0.13502609729766846,12.397261619567871,1.0804864168167114,1.1782606840133667,0.9904862642288208,1.089160680770874,NYIS
least_aggregated,ZONC,Zone C,subregion,43.05,-76.15,2.7639999389648438,2.756999969482422,0.006999969482421875,0.25389915704727173,14.753934860229492,14.763287544250488,-0.009352684020996094,-0.06335309892892838,1.6258221864700317,-0.09282290935516357,-5.400935173034668,1.762943148612976,-0.06314516067504883,-3.45794677734375,1.5479272603988647,-0.03036665916442871,-1.9240180253982544,1.8135486841201782,0.04768407344818115,2.700324296951294,1.6266448497772217,-0.09200024604797363,-5.3530683517456055,1.727412223815918,-0.09867608547210693,-5.4036865234375,1.4949078559875488,-0.08338606357574463,-5.283303737640381,1.892759084701538,0.12689447402954102,7.18596887588501,1.6730347871780396,-0.04561030864715576,-2.653852701187134,1.7145367860794067,-0.11155152320861816,-6.108769416809082,1.4528943300247192,-0.12539958953857422,-7.9452619552612305,2.0295443534851074,0.26367974281311035,14.932046890258789,1.7186450958251953,1.826088309288025,1.5782939195632935,1.765864610671997,NYIS
least_aggregated,ZOND,Zone D,subregion,44.97,-74.7,0.8640000224113464,0.8210000991821289,0.04299992322921753,5.237499713897705,5.307517051696777,5.471110820770264,-0.16359376907348633,-2.990142345428467,0.6458138823509216,-0.0187455415725708,-2.820747137069702,0.6482739448547363,-0.02355724573135376,-3.5064234733581543,0.6032760143280029,-0.02655792236328125,-4.2166547775268555,0.6797304749488831,-0.02275395393371582,-3.2390687465667725,0.6420206427574158,-0.02253878116607666,-3.3915374279022217,0.6476781964302063,-0.02415299415588379,-3.5950984954833984,0.6083152294158936,-0.021518707275390625,-3.4165685176849365,0.6805907487869263,-0.021893680095672607,-3.116607189178467,0.5859983563423157,-0.07856106758117676,-11.821526527404785,0.5790955424308777,-0.0927356481552124,-13.803415298461914,0.5595422387123108,-0.07029169797897339,-11.160354614257812,0.7332772612571716,0.030792832374572754,4.383418560028076,0.6645594239234924,0.6718311905860901,0.6298339366912842,0.7024844288825989,NYIS
least_aggregated,ZONE,Zone E,subregion,43.16,-77.61,1.3570001125335693,1.3960000276565552,-0.03899991512298584,-2.793687582015991,7.199010372161865,7.3839640617370605,-0.1849536895751953,-2.5047996044158936,0.766840934753418,-0.047982096672058105,-5.888652324676514,0.8319757580757141,-0.059861600399017334,-6.712165355682373,0.7187658548355103,-0.004693865776062012,-0.6488081812858582,0.934412956237793,0.043094635009765625,4.834932327270508,0.783290684223175,-0.031532347202301025,-3.869840145111084,0.8356460332870483,-0.056191325187683105,-6.300624370574951,0.7182565927505493,-0.005203127861022949,-0.7192007899284363,0.991619348526001,0.10030102729797363,11.2531099319458,0.8185575008392334,0.0037344694137573242,0.4583166539669037,0.8400349617004395,-0.05180239677429199,-5.808502674102783,0.6847840547561646,-0.038675665855407715,-5.3459320068359375,1.0534945726394653,0.162176251411438,18.195098876953125,0.8148230314254761,0.8918373584747314,0.7234597206115723,0.8913183212280273,NYIS
least_aggregated,ZONF,Zone F,subregion,42.89,-78.88,2.4029996395111084,2.364999771118164,0.037999868392944336,1.606765627861023,11.510540962219238,11.695411682128906,-0.18487071990966797,-1.5807138681411743,1.23782217502594,-0.0939415693283081,-7.053921222686768,1.3506778478622437,-0.15059328079223633,-10.031051635742188,1.1697590351104736,-0.04103994369506836,-3.3894925117492676,1.3786711692810059,0.07549703121185303,5.793318748474121,1.2674860954284668,-0.06427764892578125,-4.826505661010742,1.3861366510391235,-0.11513447761535645,-7.669133186340332,1.154447317123413,-0.056351661682128906,-4.654088973999023,1.447975516319275,0.14480137825012207,11.111437797546387,1.3034254312515259,-0.028338313102722168,-2.127878427505493,1.3913023471832275,-0.10996878147125244,-7.325045108795166,1.143320918083191,-0.06747806072235107,-5.573019504547119,1.5376923084259033,0.2345181703567505,17.995920181274414,1.331763744354248,1.50127112865448,1.210798978805542,1.3031741380691528,NYIS
least_aggregated,ZONG,Zone G,subregion,40.78,-73.97,2.364000082015991,2.2290000915527344,0.13499999046325684,6.056527614593506,9.624338150024414,9.404814720153809,0.21952342987060547,2.334155559539795,0.971904993057251,-0.05500137805938721,-5.356026649475098,1.1444108486175537,-0.07221734523773193,-5.9358601570129395,0.9456532001495361,0.032231032848358154,3.528602123260498,1.0998389720916748,0.05196261405944824,4.958849906921387,1.0463018417358398,0.01939547061920166,1.888728380203247,1.1703745126724243,-0.04625368118286133,-3.8017923831939697,0.9067733287811279,-0.006648838520050049,-0.727904200553894,1.1745797395706177,0.1267033815383911,12.09144401550293,1.0670992136001587,0.04019284248352051,3.913973331451416,1.1651115417480469,-0.05151665210723877,-4.234379291534424,0.930886447429657,0.017464280128479004,1.9119614362716675,1.281999945640564,0.2341235876083374,22.34267234802246,1.0269063711166382,1.2166281938552856,0.913422167301178,1.0478763580322266,NYIS
least_aggregated,ZONH,Zone H,subregion,40.73,-73.94,0.6759999990463257,0.6479997634887695,0.028000235557556152,4.321026802062988,2.7285046577453613,2.7600085735321045,-0.031503915786743164,-1.1414366960525513,0.2852688133716583,-0.027848511934280396,-8.893954277038574,0.34915679693222046,-0.02821490168571472,-7.476687431335449,0.27769970893859863,-0.014858871698379517,-5.078938961029053,0.32785913348197937,0.017274022102355957,5.561767578125,0.31464648246765137,0.0015291571617126465,0.4883655309677124,0.3474577069282532,-0.029913991689682007,-7.9269304275512695,0.2659408152103424,-0.026617765426635742,-9.098268508911133,0.3498222231864929,0.03923711180686951,12.63328742980957,0.3013589680194855,-0.011758357286453247,-3.755256175994873,0.32105371356010437,-0.05631798505783081,-14.923744201660156,0.2561463713645935,-0.036412209272384644,-12.446125984191895,0.3753467798233032,0.06476166844367981,20.851505279541016,0.3131173253059387,0.3773716986179352,0.29255858063697815,0.3105851113796234,NYIS
least_aggregated,ZONI,Zone I,subregion,41.16,-73.86,1.474000096321106,1.3309998512268066,0.14300024509429932,10.743820190429688,5.836668968200684,5.883934020996094,-0.047265052795410156,-0.8032891154289246,0.5876413583755493,-0.04972928762435913,-7.802255630493164,0.6977377533912659,-0.08059698343276978,-10.355053901672363,0.583241879940033,0.0022052526473999023,0.3795376420021057,0.6397491693496704,0.04098862409591675,6.845578670501709,0.6510463356971741,0.013675689697265625,2.145641565322876,0.7350819706916809,-0.043252766132354736,-5.5570902824401855,0.5760919451713562,-0.0049446821212768555,-0.8510104417800903,0.675889253616333,0.07712870836257935,12.88139533996582,0.6668126583099365,0.029442012310028076,4.619292259216309,0.7329426407814026,-0.04539209604263306,-5.831950664520264,0.5931621193885803,0.012125492095947266,2.0868723392486572,0.7215080857276917,0.12274754047393799,20.500272750854492,0.6373706459999084,0.7783347368240356,0.5810366272926331,0.5987605452537537,NYIS
least_aggregated,ZONJ,Zone J,subregion,40.69,-73.8,10.824999809265137,10.244000434875488,0.5809993743896484,5.671612739562988,50.723907470703125,50.10113525390625,0.622772216796875,1.2430297136306763,5.250664234161377,-0.2520604133605957,-4.5806474685668945,6.304403781890869,-0.29871320724487305,-4.5238213539123535,5.295854568481445,0.11939620971679688,2.306523084640503,5.379514217376709,0.20616483688354492,3.9851326942443848,5.687240123748779,0.18451547622680664,3.353165864944458,6.40902042388916,-0.19409656524658203,-2.9394688606262207,5.13998556137085,-0.03647279739379883,-0.7045897841453552,5.6045308113098145,0.4311814308166504,8.33466625213623,5.662914276123047,0.16018962860107422,2.9110965728759766,6.327535152435303,-0.27558183670043945,-4.173511505126953,5.264716625213623,0.08825826644897461,1.7049932479858398,6.06901741027832,0.8956680297851562,17.3131160736084,5.502724647521973,6.603116989135742,5.176458358764648,5.173349380493164,NYIS
least_aggregated,ZONK,Zone K,subregion,41.7,-74.08,5.543000221252441,4.934999942779541,0.6080002784729004,12.320162773132324,20.21077537536621,19.933034896850586,0.277740478515625,1.3933753967285156,2.055452585220337,-0.13992857933044434,-6.3737711906433105,2.672107458114624,-0.1360337734222412,-4.844264030456543,2.0568504333496094,0.056758880615234375,2.8378140926361084,2.129751205444336,0.07661819458007812,3.7317698001861572,2.244558334350586,0.04917716979980469,2.2400288581848145,2.6704578399658203,-0.13768339157104492,-4.903007984161377,1.961531400680542,-0.03856015205383301,-1.9279192686080933,2.232463836669922,0.17933082580566406,8.734496116638184,2.2364089488983154,0.04102778434753418,1.8688228130340576,2.63069224357605,-0.17744898796081543,-6.319090843200684,2.0011260509490967,0.0010344982147216797,0.05172254145145416,2.4398937225341797,0.3867607116699219,18.83758544921875,2.1953811645507812,2.8081412315368652,2.000091552734375,2.053133010864258,NYIS
least_aggregated,AECI,Associated Electric Cooperative Inc.,ba,37.5,-92.5,5.538000106811523,5.757999897003174,-0.2199997901916504,-3.8207709789276123,21.771570205688477,22.113231658935547,-0.3416614532470703,-1.5450568199157715,2.70267653465271,-0.18661737442016602,-6.458927154541016,2.9627015590667725,-0.06986379623413086,-2.3037853240966797,2.315446615219116,-0.08843111991882324,-3.6786861419677734,2.883928060531616,0.03682756423950195,1.2935112714767456,2.3958115577697754,-0.4934823513031006,-17.079687118530273,2.5612237453460693,-0.471341609954834,-15.542669296264648,2.0615971088409424,-0.34228062629699707,-14.238686561584473,2.883883237838745,0.03678274154663086,1.2919368743896484,2.5448520183563232,-0.34444189071655273,-11.921317100524902,2.6399641036987305,-0.39260125160217285,-12.946176528930664,2.1176295280456543,-0.28624820709228516,-11.907769203186035,3.3307178020477295,0.48361730575561523,16.986309051513672,2.889293909072876,3.0325653553009033,2.4038777351379395,2.8471004962921143,AECI
least_aggregated,AVA,Avista Corporation,ba,47.65,-117.43,2.2950000762939453,2.5250000953674316,-0.23000001907348633,-9.10891056060791,12.831116676330566,12.943449020385742,-0.11233234405517578,-0.8678675889968872,1.4956873655319214,0.09980499744415283,7.149957656860352,1.5182524919509888,0.017906785011291504,1.1935105323791504,1.3293180465698242,0.0015079975128173828,0.11357027292251587,1.6421997547149658,0.016161203384399414,0.9939003586769104,1.4217880964279175,0.025905728340148926,1.8558675050735474,1.5023996829986572,0.002053976058959961,0.1369001865386963,1.3266721963882446,-0.001137852668762207,-0.08569393306970596,1.596231460571289,-0.029807090759277344,-1.8331108093261719,1.492944598197937,0.09706223011016846,6.95346736907959,1.4984166622161865,-0.0019290447235107422,-0.12857335805892944,1.3582563400268555,0.030446290969848633,2.2929704189300537,1.6737687587738037,0.047730207443237305,2.9353673458099365,1.3958823680877686,1.5003457069396973,1.3278100490570068,1.6260385513305664,AVA
least_aggregated,AZPS,Arizona Public Service Company,ba,33.45,-112.07,8.49899959564209,8.206999778747559,0.29199981689453125,3.55793833732605,39.82903289794922,37.036529541015625,2.7925033569335938,7.539864540100098,3.5889275074005127,-0.14000368118286133,-3.754525661468506,4.774471282958984,0.5305299758911133,12.500879287719727,3.735964775085449,0.1262054443359375,3.4962289333343506,3.354233980178833,0.1438913345336914,4.482117652893066,4.016106128692627,0.28717494010925293,7.701266765594482,4.91342306137085,0.6694817543029785,15.775001525878906,4.078622817993164,0.46886348724365234,12.988774299621582,3.8873510360717773,0.6770083904266357,21.08835220336914,4.316784858703613,0.5878536701202393,15.764668464660645,5.172992706298828,0.929051399230957,21.8912410736084,4.335910797119141,0.7261514663696289,20.1163387298584,4.047840118408203,0.8374974727630615,26.087478637695312,3.728931188583374,4.243941307067871,3.6097593307495117,3.2103426456451416,AZPS
least_aggregated,BANC,Balancing Authority of Northern California,ba,39.5,-121.5,4.238999843597412,4.716000080108643,-0.47700023651123047,-10.114503860473633,17.606985092163086,18.0228271484375,-0.41584205627441406,-2.307307243347168,1.8556759357452393,-0.09525513648986816,-4.882547855377197,2.2923057079315186,0.0708608627319336,3.189854621887207,1.824953317642212,-0.10480260848999023,-5.430873870849609,1.8553099632263184,0.05443370342254639,3.022623300552368,2.00181245803833,0.050881385803222656,2.6080565452575684,2.3252203464508057,0.1037755012512207,4.671531677246094,1.9642481803894043,0.03449225425720215,1.7873893976211548,1.9016231298446655,0.10074687004089355,5.594325065612793,1.9776668548583984,0.026735782623291016,1.3704115152359009,2.215731143951416,-0.005713701248168945,-0.257206529378891,1.9155079126358032,-0.014248013496398926,-0.7383323907852173,1.9397914409637451,0.13891518115997314,7.713755130767822,1.9509310722351074,2.221444845199585,1.9297559261322021,1.800876259803772,BANC
least_aggregated,BPAT,Bonneville Power Administration,ba,45.52,-122.68,10.364999771118164,11.536999702453613,-1.1719999313354492,-10.15861988067627,61.76533889770508,59.75775146484375,2.007587432861328,3.359543800354004,6.532978534698486,0.0924081802368164,1.4347825050354004,6.619255065917969,0.03448963165283203,0.5237792134284973,6.013666152954102,0.07077217102050781,1.1908705234527588,7.476805686950684,0.3202662467956543,4.475154876708984,6.548602104187012,0.1080317497253418,1.6773631572723389,6.697323322296143,0.11255788803100586,1.7093682289123535,6.165264129638672,0.22237014770507812,3.7417821884155273,7.597650051116943,0.44111061096191406,6.163741588592529,6.977132797241211,0.536562442779541,8.330976486206055,6.904176712036133,0.3194112777709961,4.850761413574219,6.419106483459473,0.4762125015258789,8.013141632080078,8.258551597595215,1.1020121574401855,15.398674011230469,6.44057035446167,6.584765434265137,5.942893981933594,7.156539440155029,BPAT
least_aggregated,CHPD,Chelan County Public Utility District,ba,47.83,-120.6,0.42399999499320984,0.5250003337860107,-0.1010003387928009,-19.238142013549805,1.935706377029419,1.9930914640426636,-0.05738508701324463,-2.879201889038086,0.21253497898578644,0.009317457675933838,4.584967613220215,0.2130742073059082,0.013203352689743042,6.6059417724609375,0.1862192451953888,0.010636895895004272,6.0580668449401855,0.3023476302623749,0.011394768953323364,3.916362762451172,0.20544615387916565,0.0022286325693130493,1.0966733694076538,0.20821283757686615,0.008341982960700989,4.173686504364014,0.18191099166870117,0.00632864236831665,3.604372501373291,0.2841052711009979,-0.006847590208053589,-2.3535051345825195,0.2258792519569397,0.022661730647087097,11.15146541595459,0.20919175446033478,0.009320899844169617,4.663461208343506,0.18598125874996185,0.010398909449577332,5.922525405883789,0.3133118152618408,0.022358953952789307,7.684734344482422,0.2032175213098526,0.19987085461616516,0.17558234930038452,0.2909528613090515,CHPD
least_aggregated,CPLE,Duke Energy Carolinas,ba,35.22,-80.84,14.329000473022461,14.208999633789062,0.12000083923339844,0.8445351123809814,63.359092712402344,62.85331726074219,0.5057754516601562,0.8046926259994507,6.390139102935791,-0.7735204696655273,-10.797839164733887,7.680819034576416,0.09517478942871094,1.2546699047088623,6.162158489227295,0.0522770881652832,0.8556154370307922,7.090770244598389,0.3253946304321289,4.8097052574157715,7.176313400268555,0.012653827667236328,0.1766391545534134,7.457585334777832,-0.12805891036987305,-1.6881744861602783,6.1993255615234375,0.08944416046142578,1.4639263153076172,7.7485480308532715,0.9831724166870117,14.532414436340332,7.338266372680664,0.1746068000793457,2.437396764755249,7.547399044036865,-0.038245201110839844,-0.5041787028312683,6.205873489379883,0.0959920883178711,1.5710957050323486,8.422375679016113,1.6570000648498535,24.492359161376953,7.163659572601318,7.585644245147705,6.109881401062012,6.76537561416626,CPLE
least_aggregated,CPLW,Duke Energy Progress,ba,35.8,-78.65,1.2610000371932983,1.2840001583099365,-0.023000121116638184,-1.7912867069244385,4.792552947998047,4.751911163330078,0.04064178466796875,0.8552769422531128,0.518221378326416,-0.05770242214202881,-10.0191068649292,0.5651344060897827,-0.01958400011062622,-3.349304676055908,0.490646630525589,-0.026242762804031372,-5.077055931091309,0.6242722272872925,0.007007777690887451,1.1352958679199219,0.5384081602096558,-0.03751564025878906,-6.513993263244629,0.5546256899833679,-0.030092716217041016,-5.146531581878662,0.4320095181465149,-0.08487987518310547,-16.421283721923828,0.663009524345398,0.04574507474899292,7.410935878753662,0.531806468963623,-0.04411733150482178,-7.660272121429443,0.5428135991096497,-0.04190480709075928,-7.166664123535156,0.4690715968608856,-0.04781779646873474,-9.251069068908691,0.7119342088699341,0.09466975927352905,15.33698558807373,0.5759238004684448,0.5847184062004089,0.5168893933296204,0.617264449596405,CPLW
least_aggregated,DOPD,DOE Power Marketing Administration,ba,46.6,-120.5,0.4320000112056732,0.5089998841285706,-0.07699987292289734,-15.127680778503418,2.422503709793091,2.409799098968506,0.012704610824584961,0.5272120237350464,0.2443004697561264,0.02329815924167633,10.542043685913086,0.2577410042285919,0.024524524807929993,10.515776634216309,0.22367613017559052,0.020095109939575195,9.870817184448242,0.31705352663993835,0.021094709634780884,7.127583026885986,0.2587352991104126,0.037732988595962524,17.073572158813477,0.27138134837150574,0.03816486895084381,16.36456871032715,0.23977230489253998,0.03619128465652466,17.7773380279541,0.3163437843322754,0.02038496732711792,6.887772083282471,0.27853548526763916,0.05753317475318909,26.032838821411133,0.2712138295173645,0.037997350096702576,16.29273796081543,0.24546125531196594,0.04188023507595062,20.57177734375,0.34293681383132935,0.046977996826171875,15.873153686523438,0.22100231051445007,0.23321647942066193,0.20358102023601532,0.29595881700515747,DOPD
least_aggregated,DUK,Duke Energy,ba,35.22,-80.84,22.18600082397461,21.923999786376953,0.26200103759765625,1.1950373649597168,110.03474426269531,109.33617401123047,0.6985702514648438,0.6389175653457642,11.433616638183594,-1.0702686309814453,-8.559488296508789,13.269003868103027,0.15323543548583984,1.1683298349380493,11.056844711303711,0.17736530303955078,1.6302738189697266,12.47404670715332,0.5286903381347656,4.425906658172607,12.553357124328613,0.04947185516357422,0.39565184712409973,13.195219039916992,0.07945060729980469,0.6057640314102173,11.001545906066895,0.12206649780273438,1.1219884157180786,13.123726844787598,1.178370475769043,9.864673614501953,12.629791259765625,0.12590599060058594,1.0069350004196167,13.166922569274902,0.051154136657714844,0.39002013206481934,11.196296691894531,0.3168172836303711,2.912062883377075,14.130289077758789,2.1849327087402344,18.29106330871582,12.503885269165039,13.115768432617188,10.87947940826416,11.945356369018555,DUK
least_aggregated,EPE,El Paso Electric Company,ba,31.76,-106.44,2.4089999198913574,2.313999891281128,0.09500002861022949,4.10544490814209,9.187321662902832,9.311440467834473,-0.12411880493164062,-1.3329623937606812,1.0494115352630615,-0.046109914779663086,-4.208946704864502,1.2620890140533447,0.10190391540527344,8.783418655395508,1.0112521648406982,0.05959373712539673,6.2620930671691895,0.852030336856842,0.0020189285278320312,0.2375178039073944,1.1157363653182983,0.02021491527557373,1.8452322483062744,1.2281547784805298,0.0679696798324585,5.8585205078125,1.017330527305603,0.06567209959030151,6.900805950164795,0.8690069317817688,0.01899552345275879,2.2347373962402344,1.079685091972351,-0.015836358070373535,-1.4455543756484985,1.2049193382263184,0.04473423957824707,3.8557846546173096,1.0281834602355957,0.07652503252029419,8.041229248046875,0.877785861492157,0.027774453163146973,3.2675390243530273,1.0955214500427246,1.1601850986480713,0.9516584277153015,0.85001140832901,EPE
least_aggregated,FMPP,Florida Municipal Power Pool,ba,28.54,-81.38,3.9779999256134033,3.765000104904175,0.21299982070922852,5.657370567321777,19.294963836669922,19.205293655395508,0.08967018127441406,0.466902494430542,2.1766269207000732,-0.04580950736999512,-2.0612292289733887,2.457705020904541,0.1149132251739502,4.904969215393066,2.2122952938079834,0.0998690128326416,4.727692127227783,1.8470107316970825,0.04025530815124512,2.228044271469116,2.251774787902832,0.029338359832763672,1.320098876953125,2.382171154022217,0.03937935829162598,1.680873155593872,2.172133684158325,0.0597074031829834,2.8264846801757812,1.8768601417541504,0.07010471820831299,3.8801443576812744,2.2872097492218018,0.0647733211517334,2.9145185947418213,2.380403518676758,0.03761172294616699,1.6054232120513916,2.222113847732544,0.10968756675720215,5.1924920082092285,1.9169209003448486,0.11016547679901123,6.097420692443848,2.2224364280700684,2.342791795730591,2.112426280975342,1.8067554235458374,FMPP
least_aggregated,FPC,Florida Power Corporation,ba,27.95,-82.46,13.01200008392334,11.956000328063965,1.055999755859375,8.832385063171387,58.48270034790039,58.678306579589844,-0.19560623168945312,-0.3333565890789032,6.527750492095947,-0.25277233123779297,-3.7279181480407715,7.462183475494385,0.3610701560974121,5.084697723388672,6.532185077667236,0.27066612243652344,4.322691440582275,5.692568302154541,0.26569032669067383,4.895822525024414,6.9743523597717285,0.19382953643798828,2.8586223125457764,7.266297340393066,0.16518402099609375,2.3261706829071045,6.466519832611084,0.2050008773803711,3.273979902267456,5.756647109985352,0.3297691345214844,6.076590538024902,6.8962531089782715,0.11573028564453125,1.7068047523498535,7.241900444030762,0.14078712463378906,1.9826064109802246,6.652656078338623,0.39113712310791016,6.246681213378906,5.99078369140625,0.5639057159423828,10.39097785949707,6.78052282333374,7.101113319396973,6.261518955230713,5.426877975463867,FPC
least_aggregated,FPL,Florida Power and Light Company,ba,26.89,-80.06,28.96299934387207,28.464000701904297,0.49899864196777344,1.75309157371521,147.3978729248047,146.9149932861328,0.482879638671875,0.3286798596382141,16.55593490600586,1.0067129135131836,6.474362373352051,18.531740188598633,1.0124950408935547,5.779330253601074,16.89807891845703,1.0247697830200195,6.455930233001709,13.959787368774414,0.2327747344970703,1.695742130279541,17.092267990112305,1.543045997619629,9.923622131347656,18.217670440673828,0.69842529296875,3.9866175651550293,16.832571029663086,0.9592618942260742,6.043238162994385,14.162635803222656,0.4356231689453125,3.173473834991455,17.456880569458008,1.907658576965332,12.268514633178711,18.143232345581055,0.6239871978759766,3.5617244243621826,17.17560386657715,1.3022947311401367,8.204305648803711,14.209378242492676,0.48236560821533203,3.5139880180358887,15.549221992492676,17.519245147705078,15.873309135437012,13.727012634277344,FPL
least_aggregated,GCPD,Grant County Public Utility District,ba,47.0,-119.5,1.0530000925064087,1.058000087738037,-0.004999995231628418,-0.47258973121643066,6.72998046875,6.7263898849487305,0.0035905838012695312,0.053379300981760025,0.729620099067688,0.049578070640563965,7.29044246673584,0.7436947226524353,-0.0033875107765197754,-0.4534321427345276,0.6752702593803406,0.01015329360961914,1.5265425443649292,0.7447043061256409,0.037085771560668945,5.240927219390869,0.7590516209602356,0.07900959253311157,11.618339538574219,0.8133169412612915,0.06623470783233643,8.865785598754883,0.7261828184127808,0.061065852642059326,9.181220054626465,0.737625241279602,0.030006706714630127,4.240520477294922,0.8033940196037292,0.12335199117660522,18.138877868652344,0.8134576082229614,0.06637537479400635,8.884613990783691,0.7232125997543335,0.05809563398361206,8.734649658203125,0.759446382522583,0.051827847957611084,7.324263572692871,0.680042028427124,0.7470822334289551,0.6651169657707214,0.7076185345649719,GCPD
least_aggregated,GVL,Gainesville Regional Utilities,ba,29.65,-82.32,0.49100005626678467,0.46100085973739624,0.029999196529388428,6.5074076652526855,2.167711019515991,2.1540324687957764,0.013678550720214844,0.6350182890892029,0.23118624091148376,-0.017215803265571594,-6.930621147155762,0.27140456438064575,0.015238642692565918,5.948739051818848,0.23703746497631073,0.011011496186256409,4.87178373336792,0.2108965963125229,0.01299770176410675,6.567850112915039,0.2574930191040039,0.009090974926948547,3.659782648086548,0.2662060260772705,0.010040104389190674,3.9193756580352783,0.23562580347061157,0.009599834680557251,4.247226715087891,0.21539512276649475,0.017496228218078613,8.84099292755127,0.25294849276542664,0.004546448588371277,1.8302783966064453,0.26863864064216614,0.012472718954086304,4.869000434875488,0.24488575756549835,0.01885978877544403,8.344079971313477,0.22572873532772064,0.027829840779304504,14.06265640258789,0.24840204417705536,0.25616592168807983,0.22602596879005432,0.19789889454841614,GVL
least_aggregated,HST,City of Homestead Florida,ba,25.47,-80.48,0.1250002384185791,0.12599985301494598,-0.0009996145963668823,-0.7933368682861328,0.6427703499794006,0.6460356116294861,-0.0032652616500854492,-0.5054287910461426,0.07281769812107086,0.002033740282058716,2.8731656074523926,0.08015215396881104,0.000900663435459137,1.1364624500274658,0.07642631232738495,0.003072984516620636,4.189291000366211,0.0605023019015789,0.0008213743567466736,1.3762761354446411,0.07473878562450409,0.003954827785491943,5.587181091308594,0.08095643669366837,0.0017049461603164673,2.151311159133911,0.07630712538957596,0.0029537975788116455,4.02680778503418,0.05909181013703346,-0.0005891174077987671,-0.9871116876602173,0.0788559690117836,0.008072011172771454,11.403729438781738,0.07943261414766312,0.00018112361431121826,0.22854286432266235,0.0768047422170639,0.003451414406299591,4.705191612243652,0.05530077964067459,-0.0043801479041576385,-7.33927583694458,0.07078395783901215,0.0792514905333519,0.07335332781076431,0.05968092754483223,HST
least_aggregated,IID,Imperial Irrigation District,ba,32.84,-115.57,1.1330000162124634,1.1769999265670776,-0.04399991035461426,-3.7383079528808594,3.8986504077911377,3.977128505706787,-0.07847809791564941,-1.973232626914978,0.40994715690612793,-0.049883365631103516,-10.848207473754883,0.5618681907653809,-0.01038140058517456,-1.8141385316848755,0.44020599126815796,-0.024647921323776245,-5.30229377746582,0.29458925127983093,-0.006706207990646362,-2.2257912158966064,0.4503432512283325,-0.009487271308898926,-2.0632104873657227,0.580050528049469,0.007800936698913574,1.3632053136825562,0.474803626537323,0.009949713945388794,2.1403958797454834,0.307797908782959,0.0065024495124816895,2.1581637859344482,0.4469277262687683,-0.012902796268463135,-2.8059895038604736,0.5419031977653503,-0.030346393585205078,-5.302999496459961,0.4371429979801178,-0.027710914611816406,-5.961209297180176,0.2915932834148407,-0.009702175855636597,-3.220153331756592,0.45983052253723145,0.5722495913505554,0.4648539125919342,0.3012954592704773,IID
least_aggregated,IPCO,Idaho Power Company,ba,43.61,-116.21,3.931999921798706,4.111000061035156,-0.1790001392364502,-4.3541717529296875,18.80417251586914,18.988496780395508,-0.1843242645263672,-0.9707140922546387,2.0953128337860107,-0.00609588623046875,-0.29008570313453674,2.4661850929260254,-0.02165079116821289,-0.8702660799026489,1.7891172170639038,-0.09226095676422119,-4.903903007507324,2.044534683227539,0.053011178970336914,2.6618404388427734,2.1554040908813477,0.053995370864868164,2.5694844722747803,2.4720547199249268,-0.015781164169311523,-0.6343330144882202,1.8648169040679932,-0.016561269760131836,-0.8802733421325684,1.9929474592208862,0.001423954963684082,0.07150078564882278,2.3001646995544434,0.19875597953796387,9.458226203918457,2.4429867267608643,-0.04484915733337402,-1.802737832069397,1.9051607847213745,0.02378261089324951,1.2641057968139648,2.1620616912841797,0.17053818702697754,8.563202857971191,2.1014087200164795,2.4878358840942383,1.881378173828125,1.9915235042572021,IPCO
least_aggregated,JEA,Jacksonville Electric Authority,ba,30.33,-81.66,3.0789999961853027,2.9679999351501465,0.11100006103515625,3.7398922443389893,13.789656639099121,13.905439376831055,-0.1157827377319336,-0.8326382637023926,1.483852505683899,-0.12512171268463135,-7.776489734649658,1.7144700288772583,0.07782435417175293,4.755113124847412,1.4655576944351196,0.03635990619659424,2.5440781116485596,1.4244561195373535,0.09341108798980713,7.017876148223877,1.62611985206604,0.017145633697509766,1.0656251907348633,1.6851634979248047,0.048517823219299316,2.9644672870635986,1.4899358749389648,0.06073808670043945,4.249802589416504,1.4737898111343384,0.142744779586792,10.724263191223145,1.6239012479782104,0.014927029609680176,0.9277357459068298,1.7009855508804321,0.06433987617492676,3.931203842163086,1.5110970735549927,0.08189928531646729,5.730437278747559,1.5289623737335205,0.19791734218597412,14.869319915771484,1.6089742183685303,1.6366456747055054,1.4291977882385254,1.3310450315475464,JEA
least_aggregated,LDWP,Los Angeles Department of Water and Power,ba,34.05,-118.24,5.355999946594238,6.1579999923706055,-0.8020000457763672,-13.02370834350586,24.689237594604492,23.094406127929688,1.5948314666748047,6.905706882476807,2.521547794342041,-0.4743459224700928,-15.833202362060547,2.9681801795959473,-0.19930601119995117,-6.292245388031006,2.636646032333374,-0.4005722999572754,-13.188788414001465,2.45819354057312,-0.10145115852355957,-3.9634861946105957,2.5377838611602783,-0.45810985565185547,-15.291258811950684,2.7835752964019775,-0.3839108943939209,-12.120365142822266,2.636526584625244,-0.4006917476654053,-13.192720413208008,2.6203689575195312,0.06072425842285156,2.372370719909668,2.7858986854553223,-0.20999503135681152,-7.009428977966309,3.0264687538146973,-0.14101743698120117,-4.452030181884766,2.8497276306152344,-0.18749070167541504,-6.173105716705322,2.3474314212799072,-0.21221327781677246,-8.290731430053711,2.995893716812134,3.1674861907958984,3.0372183322906494,2.5596446990966797,LDWP
least_aggregated,LGEE,LG&E and KU Energy LLC,ba,38.25,-85.76,7.341000080108643,7.857999801635742,-0.5169997215270996,-6.579282283782959,38.70146179199219,38.17078399658203,0.5306777954101562,1.3902674913406372,4.051698684692383,-0.31335020065307617,-7.17861795425415,4.503620624542236,-0.06666088104248047,-1.4585727453231812,3.793163776397705,-0.010912656784057617,-0.2868674397468567,4.406341075897217,0.27194976806640625,6.577746391296387,4.319815158843994,-0.045233726501464844,-1.0362708568572998,4.5396342277526855,-0.03064727783203125,-0.6705774664878845,3.8843274116516113,0.08025097846984863,2.109604597091675,4.642138957977295,0.5077476501464844,12.281073570251465,4.405144691467285,0.04009580612182617,0.9185648560523987,4.708849906921387,0.13856840133666992,3.031944513320923,3.9240188598632812,0.11994242668151855,3.1529974937438965,5.1363139152526855,1.001922607421875,24.23386001586914,4.365048885345459,4.570281505584717,3.8040764331817627,4.1343913078308105,LGEE
least_aggregated,NEVP,Nevada Power Company,ba,36.17,-115.15,9.23900032043457,9.79699993133545,-0.5579996109008789,-5.695621013641357,41.06965255737305,41.17174530029297,-0.10209274291992188,-0.24796617031097412,4.284909248352051,-0.23684215545654297,-5.2378411293029785,5.268754959106445,0.0029296875,0.05563586577773094,4.144508361816406,-0.25222158432006836,-5.736572265625,3.901803970336914,0.027736902236938477,0.7159634232521057,4.759806156158447,0.23805475234985352,5.264657974243164,5.517953872680664,0.25212860107421875,4.7880167961120605,4.518118381500244,0.12138843536376953,2.7608799934387207,4.029994487762451,0.15592741966247559,4.02490234375,4.704203128814697,0.18245172500610352,4.034979343414307,5.365432262420654,0.09960699081420898,1.8915742635726929,4.3730926513671875,-0.02363729476928711,-0.5376107692718506,4.168624401092529,0.2945573329925537,7.6033101081848145,4.521751403808594,5.265825271606445,4.396729946136475,3.8740670680999756,NEVP
least_aggregated,NWMT,NorthWestern Energy - Montana,ba,46.59,-112.04,1.9119999408721924,2.0160000324249268,-0.10400009155273438,-5.1587300300598145,11.450849533081055,11.92911434173584,-0.47826480865478516,-4.00921630859375,1.3228034973144531,0.007781267166137695,0.5917213559150696,1.4202306270599365,-0.012120246887207031,-0.8461786508560181,1.2663546800613403,0.029307961463928223,2.369188070297241,1.4701472520828247,0.028336167335510254,1.965317726135254,1.3490618467330933,0.03403961658477783,2.5885202884674072,1.401619791984558,-0.03073108196258545,-2.1454994678497314,1.2532620429992676,0.01621532440185547,1.3108093738555908,1.432194471359253,-0.009616613388061523,-0.6669815182685852,1.3484762907028198,0.033454060554504395,2.543992042541504,1.3638907670974731,-0.06846010684967041,-4.779562950134277,1.2354527711868286,-0.001593947410583496,-0.1288510262966156,1.3927907943725586,-0.04902029037475586,-3.3999106884002686,1.3150222301483154,1.4323508739471436,1.237046718597412,1.4418110847473145,NWMT
least_aggregated,PACE,PacifiCorp East,ba,40.76,-111.89,9.717000007629395,9.562000274658203,0.1549997329711914,1.6209996938705444,53.33307647705078,53.01218795776367,0.3208885192871094,0.6053098440170288,5.644282817840576,0.03825521469116211,0.6823943257331848,6.350554943084717,0.0419764518737793,0.6653868556022644,5.383868217468262,0.0163421630859375,0.30446359515190125,6.003405570983887,0.22722578048706055,3.9338417053222656,6.002957820892334,0.3969302177429199,7.080418586730957,6.444052696228027,0.13547420501708984,2.1474602222442627,5.5675249099731445,0.1999988555908203,3.7260901927948,6.026371479034424,0.25019168853759766,4.3314385414123535,6.2145514488220215,0.6085238456726074,10.854813575744629,6.564664840698242,0.2560863494873047,4.059335231781006,5.665266036987305,0.29773998260498047,5.547061443328857,6.2882184982299805,0.5120387077331543,8.864660263061523,5.606027603149414,6.3085784912109375,5.367526054382324,5.776179790496826,PACE
least_aggregated,PACW,PacifiCorp West,ba,45.52,-122.68,3.552000045776367,4.195000171661377,-0.6430001258850098,-15.327771186828613,19.945924758911133,21.419401168823242,-1.4734764099121094,-6.879173755645752,2.3139443397521973,-0.01593947410583496,-0.6841317415237427,2.513850450515747,-0.014379739761352539,-0.5687670111656189,2.1565778255462646,-0.04385519027709961,-1.9930254220962524,2.6695826053619385,0.09131264686584473,3.5416250228881836,2.3048226833343506,-0.02506113052368164,-1.0756386518478394,2.502819061279297,-0.025411128997802734,-1.0050954818725586,2.207202911376953,0.006769895553588867,0.3076619803905487,2.6035616397857666,0.02529168128967285,0.9809555411338806,2.2413530349731445,-0.0885307788848877,-3.7997939586639404,2.1633083820343018,-0.36492180824279785,-14.433882713317871,2.236237049102783,0.035804033279418945,1.6271358728408813,2.775608777999878,0.19733881950378418,7.653923988342285,2.3298838138580322,2.5282301902770996,2.2004330158233643,2.5782699584960938,PACW
least_aggregated,PGE,Portland General Electric,ba,45.52,-122.68,4.4629998207092285,4.375,0.08799982070922852,2.0114285945892334,23.513673782348633,22.998706817626953,0.5149669647216797,2.23911714553833,2.4964067935943604,0.09606552124023438,4.002161026000977,2.6801347732543945,0.07028007507324219,2.692873001098633,2.405773401260376,0.016566991806030273,0.69340980052948,2.83095121383667,0.1480863094329834,5.519707679748535,2.433298110961914,0.032956838607788086,1.3730063438415527,2.645303249359131,0.035448551177978516,1.3582576513290405,2.420680522918701,0.03147411346435547,1.3173458576202393,2.8285439014434814,0.14567899703979492,5.429978847503662,2.5949766635894775,0.19463539123535156,8.108654975891113,2.77593731880188,0.16608262062072754,6.363672733306885,2.524773359298706,0.13556694984436035,5.6741414070129395,2.9726948738098145,0.28982996940612793,10.803003311157227,2.400341272354126,2.6098546981811523,2.3892064094543457,2.6828649044036865,PGE
least_aggregated,PSCO,Public Service Company of Colorado,ba,39.74,-104.99,9.079000473022461,9.28499984741211,-0.20599937438964844,-2.218632221221924,45.23090744018555,45.59549331665039,-0.36458587646484375,-0.7996053695678711,4.541049480438232,-0.9533371925354004,-17.351112365722656,5.0803704261779785,-0.6740174293518066,-11.713104248046875,4.668924331665039,0.03430318832397461,0.7401508688926697,5.249082565307617,0.13624286651611328,2.664720058441162,5.099331378936768,-0.39505529403686523,-7.19016170501709,5.544011116027832,-0.21037673950195312,-3.6559362411499023,4.804969787597656,0.1703486442565918,3.675567626953125,5.320268154144287,0.2074284553527832,4.057010650634766,5.106747150421143,-0.38763952255249023,-7.055191516876221,5.52158784866333,-0.23280000686645508,-4.0456085205078125,4.73797082901001,0.10334968566894531,2.2299489974975586,5.507297992706299,0.3944582939147949,7.715053081512451,5.494386672973633,5.754387855529785,4.6346211433410645,5.112839698791504,PSCO
least_aggregated,PSEI,Puget Sound Energy,ba,47.61,-122.33,4.434999942779541,4.934999942779541,-0.5,-10.131711959838867,24.633825302124023,24.96375274658203,-0.3299274444580078,-1.321620225906372,2.729825496673584,-0.009701013565063477,-0.35411277413368225,2.7851438522338867,0.027523040771484375,0.9980719685554504,2.622258186340332,0.032941341400146484,1.2722020149230957,3.2844672203063965,0.05697131156921387,1.7651861906051636,2.7015435695648193,-0.037982940673828125,-1.386478304862976,2.7484099864959717,-0.009210824966430664,-0.3340134620666504,2.5922038555145264,0.0028870105743408203,0.11149699240922928,3.2475733757019043,0.02007746696472168,0.6220756769180298,2.7746713161468506,0.035144805908203125,1.2828788757324219,2.748889446258545,-0.008731365203857422,-0.31662672758102417,2.5776689052581787,-0.011647939682006836,-0.4498460292816162,3.387704372406006,0.16020846366882324,4.963862419128418,2.7395265102386475,2.7576208114624023,2.5893168449401855,3.2274959087371826,PSEI
least_aggregated,SC,South Carolina Public Service Authority,ba,33.0,-79.95,5.578000068664551,5.303999900817871,0.2740001678466797,5.165912628173828,27.65755271911621,27.40108871459961,0.25646400451660156,0.9359627962112427,2.9122393131256104,-0.12029480934143066,-3.9668078422546387,3.311734437942505,0.16820979118347168,5.3509931564331055,2.7717244625091553,0.07197928428649902,2.6661510467529297,3.0293333530426025,0.12033843994140625,4.136770248413086,3.1578190326690674,0.12528491020202637,4.1313605308532715,3.237520933151245,0.09399628639221191,2.9901559352874756,2.7959723472595215,0.09622716903686523,3.564305543899536,3.26518177986145,0.3561868667602539,12.244327545166016,3.1689555644989014,0.13642144203186035,4.498595237731934,3.2941815853118896,0.15065693855285645,4.792612075805664,2.855026960372925,0.15528178215026855,5.751719951629639,3.4526448249816895,0.5436499118804932,18.688581466674805,3.032534122467041,3.143524646759033,2.6997451782226562,2.9089949131011963,SC
least_aggregated,SCEG,South Carolina Electric and Gas,ba,34.0,-81.03,5.025000095367432,4.783999919891357,0.24100017547607422,5.037625312805176,24.860990524291992,25.04509735107422,-0.18410682678222656,-0.7351059317588806,2.643299102783203,-0.30028724670410156,-10.201408386230469,3.1072890758514404,0.06774425506591797,2.2287631034851074,2.5655298233032227,0.004050016403198242,0.15811236202716827,2.681674003601074,0.12971901893615723,5.083123207092285,2.9064345359802246,-0.03715181350708008,-1.2621275186538696,3.0651659965515137,0.02562117576599121,0.8429280519485474,2.591925859451294,0.03044605255126953,1.1886118650436401,2.806501865386963,0.2545468807220459,9.974583625793457,2.8981235027313232,-0.045462846755981445,-1.544471263885498,3.033745050430298,-0.005799770355224609,-0.19081048667430878,2.583829164505005,0.02234935760498047,0.8725173473358154,2.9768447875976562,0.42488980293273926,16.649580001831055,2.9435863494873047,3.0395448207855225,2.5614798069000244,2.551954984664917,SCEG
least_aggregated,SCL,Seattle City Light,ba,47.61,-122.33,1.7029999494552612,1.815999984741211,-0.11300003528594971,-6.222466945648193,9.395676612854004,9.449475288391113,-0.053798675537109375,-0.5693225860595703,1.0615781545639038,-0.002087116241455078,-0.1962192803621292,1.059854507446289,0.00813305377960205,0.7733086943626404,1.0152828693389893,0.0035763978958129883,0.3535015285015106,1.2315716743469238,0.018416881561279297,1.51809823513031,1.0282875299453735,-0.03537774085998535,-3.326021909713745,1.0424928665161133,-0.00922858715057373,-0.8774744272232056,0.9939286112785339,-0.017777860164642334,-1.757215142250061,1.2188935279846191,0.005738735198974609,0.4730423092842102,1.063270926475525,-0.0003943443298339844,-0.037074100226163864,1.0492743253707886,-0.0024471282958984375,-0.2326783686876297,0.9939509630203247,-0.017755508422851562,-1.7550058364868164,1.2601182460784912,0.04696345329284668,3.8711838722229004,1.0636652708053589,1.051721453666687,1.0117064714431763,1.2131547927856445,SCL
least_aggregated,SEC,Seminole Electric Cooperative,ba,28.08,-82.42,0.6069999933242798,0.7269983291625977,-0.11999833583831787,-16.506000518798828,2.1467156410217285,2.0802674293518066,0.06644821166992188,3.194216728210449,0.22388488054275513,-0.009723469614982605,-4.162295341491699,0.26343733072280884,0.026963993906974792,11.40255069732666,0.22594290971755981,0.014796420931816101,7.007657051086426,0.2061447948217392,0.011740177869796753,6.039042949676514,0.252021849155426,0.018413498997688293,7.882209300994873,0.26118066906929016,0.024707332253456116,10.448253631591797,0.22240453958511353,0.011258050799369812,5.331867694854736,0.23040057718753815,0.0359959602355957,18.516000747680664,0.2396959513425827,0.006087601184844971,2.605900526046753,0.24978883564472198,0.01331549882888794,5.630867004394531,0.20451661944389343,-0.006629869341850281,-3.1399383544921875,0.2748337984085083,0.08042918145656586,41.37205123901367,0.23360835015773773,0.23647333681583405,0.2111464887857437,0.19440461695194244,SEC
least_aggregated,SOCO,Southern Company,ba,33.75,-84.39,47.808998107910156,46.4900016784668,1.3189964294433594,2.8371694087982178,241.4847869873047,241.90707397460938,-0.4222869873046875,-0.17456620931625366,25.717992782592773,-3.795154571533203,-12.859199523925781,29.55593490600586,0.4101276397705078,1.4071582555770874,24.38557243347168,-0.08182334899902344,-0.3344178795814514,26.807035446166992,1.772104263305664,7.078526973724365,27.85750961303711,-1.6556377410888672,-5.6098313331604,29.346059799194336,0.20025253295898438,0.6870715022087097,24.974885940551758,0.5074901580810547,2.074148654937744,27.888046264648438,2.8531150817871094,11.396535873413086,27.437028884887695,-2.0761184692382812,-7.034554481506348,29.151914596557617,0.006107330322265625,0.020954404026269913,25.67585563659668,1.2084598541259766,4.939062118530273,29.31303596496582,4.278104782104492,17.088542938232422,29.513147354125977,29.14580726623535,24.467395782470703,25.034931182861328,SOCO
least_aggregated,SPA,Southwestern Power Administration,ba,36.15,-95.99,0.05400000140070915,0.04700011387467384,0.006999887526035309,14.893336296081543,0.20101909339427948,0.1855914145708084,0.01542767882347107,8.31270694732666,0.06426099687814713,-0.005051456391811371,-7.287949562072754,0.05444062873721123,-0.014640245586633682,-21.192907333374023,0.03334249183535576,-0.022605132311582565,-40.40409469604492,0.022624177858233452,-0.012816613540053368,-36.1634521484375,0.024737276136875153,-0.044575177133083344,-64.31049346923828,0.022712543606758118,-0.04636833071708679,-67.1218032836914,0.019552908837795258,-0.036394715309143066,-65.05140686035156,0.020602211356163025,-0.014838580042123795,-41.868648529052734,0.022269245237112045,-0.04704320803284645,-67.8712158203125,0.02411259151995182,-0.04496828466653824,-65.09512329101562,0.01847287453711033,-0.037474751472473145,-66.98184967041016,0.02572116255760193,-0.00971962884068489,-27.424976348876953,0.0693124532699585,0.06908087432384491,0.055947624146938324,0.03544079139828682,SPA
least_aggregated,SRP,Salt River Project,ba,33.45,-111.98,8.784000396728516,8.355999946594238,0.42800045013427734,5.122067928314209,36.87409591674805,36.114959716796875,0.7591361999511719,2.101998805999756,3.733412981033325,-0.13011503219604492,-3.3677775859832764,4.808074474334717,0.5174832344055176,12.060884475708008,3.8060388565063477,0.1719982624053955,4.732975959777832,3.175872325897217,0.07606840133666992,2.453974723815918,4.0983076095581055,0.23477959632873535,6.076818466186523,4.874812126159668,0.5842208862304688,13.616326332092285,4.097377777099609,0.4633371829986572,12.749917984008789,3.3893282413482666,0.2895243167877197,9.34008502960205,4.156083106994629,0.2925550937652588,7.572226047515869,4.952619552612305,0.6620283126831055,15.429769515991211,4.1238484382629395,0.4898078441619873,13.478326797485352,3.3779945373535156,0.27819061279296875,8.974458694458008,3.86352801322937,4.290591239929199,3.634040594100952,3.099803924560547,SRP
least_aggregated,TAL,Tallahassee Electric,ba,30.44,-84.28,0.6200000047683716,0.6229999661445618,-0.0029999613761901855,-0.48153117299079895,2.8879246711730957,2.8969056606292725,-0.008980989456176758,-0.31002044677734375,0.31336408853530884,-0.023617058992385864,-7.008421421051025,0.3630026876926422,0.027951031923294067,8.342305183410645,0.3068649172782898,0.0015611052513122559,0.5113284587860107,0.30019432306289673,0.022212207317352295,7.990516662597656,0.33325254917144775,-0.0037285983562469482,-1.1064709424972534,0.3529256284236908,0.01787397265434265,5.334691524505615,0.31443631649017334,0.0091325044631958,2.991284132003784,0.30850958824157715,0.030527472496032715,10.9818115234375,0.3315787613391876,-0.00540238618850708,-1.6031715869903564,0.35384222865104675,0.01879057288169861,5.608261585235596,0.32455122470855713,0.01924741268157959,6.304347515106201,0.3234492242336273,0.045467108488082886,16.35612678527832,0.3369811475276947,0.33505165576934814,0.30530381202697754,0.27798211574554443,TAL
least_aggregated,TEC,Tampa Electric Company,ba,27.95,-82.46,4.559999942779541,4.382999897003174,0.1770000457763672,4.038329601287842,22.42244529724121,22.6240177154541,-0.20157241821289062,-0.8909646272659302,2.5790200233459473,-0.0664973258972168,-2.513584852218628,2.8903651237487793,0.10731005668640137,3.855836868286133,2.621260404586792,0.14048290252685547,5.662857532501221,2.188126802444458,0.07558941841125488,3.5781338214874268,2.6802799701690674,0.03476262092590332,1.314019799232483,2.7910773754119873,0.008022308349609375,0.2882554531097412,2.51383113861084,0.03305363655090332,1.3323901891708374,2.1603164672851562,0.047779083251953125,2.2616918087005615,2.663424015045166,0.017906665802001953,0.676868200302124,2.7723867893218994,-0.010668277740478516,-0.38332974910736084,2.62129545211792,0.1405179500579834,5.664270877838135,2.220998525619507,0.10846114158630371,5.134164333343506,2.645517349243164,2.783055067062378,2.4807775020599365,2.112537384033203,TEC
least_aggregated,TEPC,Tucson Electric Power Company,ba,32.22,-110.97,3.447999954223633,3.319000005722046,0.12899994850158691,3.8867127895355225,14.684038162231445,14.412981986999512,0.2710561752319336,1.8806378841400146,1.4739691019058228,-0.16011250019073486,-9.798316955566406,1.8981080055236816,0.22216403484344482,13.256053924560547,1.658907413482666,0.19017231464385986,12.948033332824707,1.4289050102233887,-0.004637241363525391,-0.32348132133483887,1.658986210823059,0.024904608726501465,1.5240737199783325,1.878731369972229,0.2027873992919922,12.09989070892334,1.6317994594573975,0.1630643606185913,11.102367401123047,1.453678011894226,0.02013576030731201,1.4046157598495483,1.6365829706192017,0.002501368522644043,0.15307487547397614,1.908288598060608,0.2323446273803711,13.863508224487305,1.6077312231063843,0.13899612426757812,9.463662147521973,1.4651570320129395,0.03161478042602539,2.2053608894348145,1.6340816020965576,1.6759439706802368,1.4687350988388062,1.433542251586914,TEPC
least_aggregated,TIDC,Turlock Irrigation District,ba,37.5,-120.85,0.6540004014968872,0.7139992117881775,-0.05999881029129028,-8.403200149536133,2.8677597045898438,2.9354026317596436,-0.0676429271697998,-2.3043856620788574,0.3099566698074341,-0.027987033128738403,-8.281566619873047,0.3783723711967468,-0.008263170719146729,-2.1371989250183105,0.31828010082244873,-0.020624220371246338,-6.0855584144592285,0.2811698317527771,-0.0010027289390563965,-0.3553601801395416,0.3324664533138275,-0.005477249622344971,-1.6207579374313354,0.3885858356952667,0.001950293779373169,0.5044269561767578,0.3379974365234375,-0.0009068846702575684,-0.267593115568161,0.28866419196128845,0.006491631269454956,2.300589084625244,0.3260210156440735,-0.011922687292098999,-3.5280096530914307,0.363401859998703,-0.023233681917190552,-6.009194850921631,0.32196301221847534,-0.016941308975219727,-4.998847007751465,0.2899397611618042,0.007767200469970703,2.7526419162750244,0.3379437029361725,0.38663554191589355,0.33890432119369507,0.2821725606918335,TIDC
least_aggregated,TPWR,Transource Power LLC,ba,40.05,-75.54,0.8429999947547913,0.9360000491142273,-0.09300005435943604,-9.935903549194336,4.478694915771484,4.5763726234436035,-0.09767770767211914,-2.1343870162963867,0.5343806743621826,-0.009981095790863037,-1.833540916442871,0.5396473407745361,0.004657149314880371,0.8705111145973206,0.5002133846282959,-0.010389089584350586,-2.034672737121582,0.6120602488517761,-0.003012716770172119,-0.48981451988220215,0.4937659502029419,-0.05059581995010376,-9.29452133178711,0.4967123866081238,-0.03827780485153198,-7.154860973358154,0.47176629304885864,-0.03883618116378784,-7.605952739715576,0.6021347045898438,-0.012938261032104492,-2.103532552719116,0.506230354309082,-0.03813141584396362,-7.004793167114258,0.491072416305542,-0.04391777515411377,-8.209080696105957,0.47273901104927063,-0.037863463163375854,-7.415448188781738,0.6226117610931396,0.007538795471191406,1.2256749868392944,0.5443617701530457,0.5349901914596558,0.5106024742126465,0.6150729656219482,TPWR
least_aggregated,TVA,Tennessee Valley Authority,ba,35.96,-83.92,32.685001373291016,35.08599853515625,-2.4009971618652344,-6.8431854248046875,170.25465393066406,167.88778686523438,2.3668670654296875,1.4097893238067627,17.8411922454834,-1.7176761627197266,-8.782083511352539,19.716711044311523,-0.4728584289550781,-2.342092514038086,16.56212043762207,0.06463623046875,0.39179447293281555,19.34345817565918,1.4554328918457031,8.1363525390625,18.897647857666016,-0.6612205505371094,-3.380668878555298,19.99138641357422,-0.1981830596923828,-0.9816111326217651,17.019014358520508,0.5215301513671875,3.1612708568573,20.2806339263916,2.392608642578125,13.375475883483887,19.347768783569336,-0.21109962463378906,-1.0793038606643677,20.67471694946289,0.48514747619628906,2.402961015701294,17.61174201965332,1.1142578125,6.75410795211792,21.950166702270508,4.062141418457031,22.70871925354004,19.558868408203125,20.1895694732666,16.49748420715332,17.888025283813477,TVA
least_aggregated,WACM,Western Area Power Administration - Central,ba,39.74,-104.99,5.610000133514404,5.869999885559082,-0.25999975204467773,-4.429301738739014,30.820470809936523,34.654571533203125,-3.8341007232666016,-11.063769340515137,3.522921562194824,1.0339016914367676,41.53850555419922,3.9204843044281006,0.9486227035522461,31.920150756835938,3.456387996673584,0.48494410514831543,16.32015037536621,3.9650328159332275,0.09175682067871094,2.368971824645996,3.782763957977295,1.2937440872192383,51.978050231933594,4.090085506439209,1.1182239055633545,37.627052307128906,3.628720283508301,0.6572763919830322,22.11976432800293,3.971250534057617,0.09797453880310059,2.529500722885132,3.886533737182617,1.3975138664245605,56.147159576416016,4.142216205596924,1.1703546047210693,39.381195068359375,3.6948039531707764,0.7233600616455078,24.34372329711914,3.8551392555236816,-0.01813673973083496,-0.4682531952857971,2.4890198707580566,2.9718616008758545,2.9714438915252686,3.8732759952545166,WACM
least_aggregated,WALC,Western Area Power Administration - Lower Colorado,ba,36.17,-115.15,1.9950000047683716,1.811000108718872,0.1839998960494995,10.160124778747559,8.742863655090332,8.868011474609375,-0.12514781951904297,-1.4112184047698975,1.0306072235107422,-0.17878341674804688,-14.782934188842773,1.0852090120315552,-0.09445846080780029,-8.007210731506348,0.9892094731330872,-0.0589333176612854,-5.6226420402526855,0.6847060918807983,-0.03138202428817749,-4.382424831390381,1.0494320392608643,-0.1599586009979248,-13.22637939453125,1.1145565509796143,-0.06511092185974121,-5.519430160522461,1.0244512557983398,-0.023691534996032715,-2.2603344917297363,0.7160463929176331,-4.172325134277344e-05,-0.005826552864164114,1.1340693235397339,-0.07532131671905518,-6.228038787841797,1.1875207424163818,0.007853269577026367,0.6657189130783081,1.0825001001358032,0.034357309341430664,3.2779223918914795,0.7919343113899231,0.07584619522094727,10.591740608215332,1.209390640258789,1.1796674728393555,1.0481427907943726,0.7160881161689758,WALC
least_aggregated,WAUW,Western Area Power Administration - Upper Great Plains,ba,46.81,-100.78,0.15799997746944427,0.16399984061717987,-0.005999863147735596,-3.658456325531006,0.7310212850570679,0.7900832891464233,-0.05906200408935547,-7.475414276123047,0.08954858034849167,-0.0053303539752960205,-5.618058681488037,0.11087308824062347,0.0001026540994644165,0.09267283231019974,0.08178763091564178,-0.003214128315448761,-3.7812490463256836,0.09733642637729645,0.000839628279209137,0.8701099753379822,0.09185954928398132,-0.003019385039806366,-3.1823556423187256,0.10087406635284424,-0.00989636778831482,-8.934123992919922,0.07570696622133255,-0.009294793009757996,-10.93482494354248,0.09336227178573608,-0.003134526312351227,-3.248321533203125,0.09719762206077576,0.0023186877369880676,2.443838357925415,0.09375208616256714,-0.01701834797859192,-15.363618850708008,0.07831382006406784,-0.006687939167022705,-7.8680009841918945,0.09939652681350708,0.0028997287154197693,3.005000114440918,0.09487893432378769,0.11077043414115906,0.08500175923109055,0.09649679809808731,WAUW
